Record_ID,Customer_Name,City,State,Region,Category,Sub_Category,Transaction_Date,Quantity,Unit_Price,Discount,Revenue,Profit,Rating,Status
FOO1000,Jimmy Curry,Anthonytown,Minnesota,West,C,Type3,2024-01-04,3,507.63,0.02,3456.5,3067.29,1.8,Pending
FOO1001,Nathaniel Williams,East Jessica,Ohio,West,B,Type2,2025-10-29,15,505.2,0.26,2687.52,-473.3,4.9,Pending
FOO1002,Eric Burke,New Bethany,Arkansas,West,A,Type3,2023-06-12,3,299.4,0.19,8838.92,1826.45,2.1,Pending
FOO1003,Ronald Wood,Davidbury,Idaho,North,C,Type1,2024-02-17,4,717.15,0.22,4151.89,3786.85,3.7,Pending
FOO1004,Kerry Duran,West Kyle,Nevada,North,A,Type1,2025-11-29,19,332.06,0.01,8080.14,523.64,4.2,Cancelled
FOO1005,Deborah Diaz,South Mary,Louisiana,West,C,Type2,2026-01-23,9,545.1,0.02,6980.65,1824.22,1.8,Pending
FOO1006,Lisa Johnson,Harrisshire,Nebraska,North,A,Type1,2024-11-12,5,717.24,0.27,1914.84,2961.6,2.3,Pending
FOO1007,Jessica Spears,East Anthony,New Jersey,North,D,Type3,2026-03-07,2,613.44,0.06,1812.05,261.94,1.1,Cancelled
FOO1008,Sheryl Turner,West Haley,Maine,West,D,Type3,2025-04-26,6,268.17,0.24,7577.76,2449.69,1.1,Pending
FOO1009,Cole Ramsey,East Edgarbury,Colorado,East,B,Type2,2024-12-01,14,562.31,0.02,9883.96,169.13,4.4,Pending
FOO1010,Margaret Meadows,New Jerry,Rhode Island,North,D,Type1,2025-06-09,12,370.61,0.2,9273.92,4428.48,4.9,Completed
FOO1011,Alexis Edwards,Rosariohaven,Georgia,North,A,Type1,2026-04-15,14,52.66,0.26,2074.17,2501.52,3.4,Pending
FOO1012,Anthony Edwards,Lake Erinville,Arizona,West,A,Type1,2025-07-10,6,192.55,0.18,2984.15,214.87,3.7,Cancelled
FOO1013,Frances Burke,East Samanthaville,Virginia,North,C,Type2,2024-10-12,5,708.72,0.29,9011.37,3635.64,2.3,Completed
FOO1014,Amber Berg,Bennettland,Illinois,North,C,Type2,2026-02-18,10,500.74,,8870.14,2911.08,4.5,Completed
FOO1015,Robert Russell,West Priscilla,West Virginia,South,A,Type3,2025-05-01,8,243.31,0.01,1442.64,2862.18,3.9,Completed
FOO1016,Amanda Perez,Meganbury,Idaho,North,B,Type3,2024-09-30,8,61.43,0.22,1352.66,4403.39,4.4,Pending
FOO1017,Judy Moreno,West Meghan,Arizona,South,A,Type3,2025-10-03,4,443.07,0.15,2751.52,2570.94,2.4,Pending
FOO1018,Wayne Hernandez,North Kevin,North Carolina,North,B,Type1,2024-11-24,4,327.68,0.2,7794.96,4872.14,1.9,Completed
FOO1019,Lisa Dawson,Ortegachester,South Carolina,East,B,Type2,2024-09-02,17,382.43,0.28,8013.02,978.27,1.3,Cancelled
FOO1020,Sharon Hamilton,East Sergio,Ohio,East,C,Type1,2025-05-19,10,288.38,0.08,4369.14,2330.05,3.5,Pending
FOO1021,Lisa Reese,Trevinoside,Hawaii,West,B,Type2,2023-11-29,11,978.1,0.06,6873.73,3503.08,1.6,Cancelled
FOO1022,Richard Anderson,New Jessica,New Mexico,West,C,Type3,2024-06-20,15,813.64,0.12,1846.4,,4.4,Completed
FOO1023,Stephen Morris,Amandaborough,Alabama,West,C,Type3,2024-04-19,16,320.81,0.18,1168.78,4675.82,1.4,Pending
FOO1024,Keith Murray,North Patrickland,Ohio,East,C,Type3,2023-10-05,7,541.89,0.26,8898.45,1430.39,1.9,Cancelled
FOO1025,Patrick Garcia,Edwinhaven,Minnesota,South,C,Type2,2026-02-24,11,570.18,0.17,7050.71,2505.66,2.5,Completed
FOO1026,George Donaldson,East Michele,Washington,North,B,Type1,2023-08-11,4,222.06,0.24,6908.33,180.2,3.4,Cancelled
FOO1027,Jasmine Rivera,West Katiefurt,Louisiana,West,D,Type1,2026-03-04,16,775.95,0.18,1092.04,2247.62,1.5,Completed
FOO1028,Tiffany Fowler,East Bryanside,Nebraska,South,B,Type2,2026-02-08,1,867.05,0.23,7822.09,427.89,4.7,Pending
FOO1029,Lance Coleman,South Traceyhaven,California,East,A,Type2,2025-08-01,8,616.44,0.24,3510.5,3521.49,1.4,Completed
FOO1030,Charles Torres,Melissastad,Montana,South,C,Type3,2025-11-24,3,867.22,0.3,8980.8,3792.55,2.2,Cancelled
FOO1031,Julie Mcbride,Lake Corystad,Nevada,East,D,Type2,2023-06-02,16,593.67,0.2,4250.11,1454.38,3.6,Completed
FOO1032,Courtney Smith,New Williambury,Tennessee,East,A,Type1,2024-09-27,7,572.16,0.03,1930.94,860.15,3.0,Completed
FOO1033,Jamie Keller,Lake Calebville,Texas,East,A,Type2,2024-02-09,1,521.05,0.25,3261.01,98.55,3.2,Completed
FOO1034,Gregory Church,Andersonchester,Kansas,East,D,Type3,2024-02-08,5,404.6,0.19,492.91,1717.79,1.2,Cancelled
FOO1035,Angela Morrow,Lake Stephanie,Georgia,North,C,Type3,2026-01-01,15,562.34,0.07,8152.68,1063.2,2.7,Pending
FOO1036,James Simmons,Lake Courtneyside,Minnesota,West,B,Type3,2024-04-04,10,951.54,0.15,5559.8,1185.27,1.9,Pending
FOO1037,Mary Gordon,Port Jessica,Tennessee,West,A,Type3,2025-02-17,8,877.91,0.25,6496.85,4925.82,2.0,Completed
FOO1038,Tyler Bailey,Meredithshire,Wisconsin,East,B,Type3,2024-12-31,6,482.01,0.06,1000.32,1979.73,3.2,Cancelled
FOO1039,Julie Perez,West Trevorborough,Ohio,East,B,Type3,2026-03-28,4,178.18,0.19,4889.71,1667.38,4.1,Completed
FOO1040,Caitlin Scott,Shawfort,Rhode Island,West,C,Type1,2024-10-18,12,424.27,0.29,6622.6,316.9,1.0,Completed
FOO1041,Mr. George Hill DDS,New Lauraberg,South Dakota,North,D,Type1,2023-06-25,10,702.61,0.17,5258.25,-463.34,2.5,Cancelled
FOO1042,Natalie Burton,Anashire,Delaware,East,B,Type3,2026-04-22,14,135.1,0.3,656.36,4562.69,3.9,Completed
FOO1043,Tyler Ray,,Iowa,East,D,Type1,2026-05-15,14,341.99,0.26,4554.36,203.55,1.9,Cancelled
FOO1044,Shawn Long,,Massachusetts,South,D,Type3,2025-09-15,17,825.45,0.12,2845.07,4645.27,4.3,Pending
FOO1045,Charles Hall,West Jenniferstad,California,West,A,Type2,2025-04-19,10,465.48,0.04,3812.59,2685.59,1.5,Cancelled
FOO1046,Brooke Peterson,North Dylanborough,South Dakota,West,D,Type2,2025-03-28,9,487.83,0.23,2943.27,1047.3,3.9,Completed
FOO1047,Mary Nichols,,West Virginia,East,A,Type2,2025-05-10,4,377.46,0.23,2921.92,-104.58,3.5,Pending
FOO1048,Melissa Carroll,Gordonhaven,New York,North,A,Type2,2026-01-13,11,670.02,,7723.18,2351.45,3.3,Completed
FOO1049,Jessica Smith,Walkerborough,Florida,East,D,Type2,2024-06-04,19,293.63,0.01,2598.18,4676.35,2.4,Pending
FOO1050,Catherine Jackson,Dennisview,Michigan,South,A,Type1,2025-11-20,2,67.36,0.29,9992.03,3097.55,2.7,Cancelled
FOO1051,Christine Barnes,Kellyview,Utah,East,A,Type3,2024-05-23,16,908.41,,9520.33,-64.13,3.9,Pending
FOO1052,Darryl Bryant,New Melaniemouth,South Carolina,North,A,Type3,2024-12-03,4,126.37,,4270.84,4786.25,4.3,Cancelled
FOO1053,Sheryl Frazier,Gonzalezmouth,Hawaii,West,B,Type1,2025-09-16,2,717.24,0.05,383.5,763.6,1.2,Cancelled
FOO1054,James Hanson,Grahamfurt,Louisiana,East,A,Type2,2026-04-09,5,501.55,0.06,4344.58,,3.1,Cancelled
FOO1055,Joe Oneill,Nelsonport,Wyoming,South,B,Type2,2024-02-06,10,763.07,0.04,3605.81,2571.27,3.3,Pending
FOO1056,Raymond Turner,East Markhaven,South Carolina,South,B,Type3,2026-03-28,18,729.93,0.28,1839.68,-184.23,2.9,Completed
FOO1057,Janet Fletcher,Tylerville,Virginia,North,B,Type1,2023-06-18,1,632.16,0.12,7058.18,3689.65,1.4,Pending
FOO1058,Sarah Andrade,Camachoshire,Michigan,South,B,Type1,2026-02-15,12,84.69,0.12,2309.8,704.44,4.6,Pending
FOO1059,Mike Scott,Lake Laurenton,Indiana,North,B,Type3,2023-09-26,4,289.89,0.25,3427.65,4952.42,3.5,Pending
FOO1060,Debbie Chambers,North Jamiechester,Iowa,South,B,Type2,2025-11-14,19,433.6,0.05,5848.12,225.1,1.0,Completed
FOO1061,Stephanie Bradshaw,Rickyshire,Virginia,West,C,Type3,2024-06-05,17,33.19,0.28,5571.38,2558.77,4.1,Completed
FOO1062,James Martin,Jessicaton,Wisconsin,South,C,Type2,2023-11-04,16,967.55,0.01,4322.21,4055.15,1.0,Pending
FOO1063,Angela Mclaughlin,North Mariaview,Idaho,West,B,Type1,2026-02-15,6,218.25,0.27,7748.11,1701.14,1.4,Pending
FOO1064,Charles Woods,,Missouri,North,B,Type3,2024-08-11,7,992.57,0.14,3422.97,3856.77,3.2,Pending
FOO1065,Robert Rose,Shellymouth,Illinois,North,D,Type3,2025-01-16,13,221.77,0.08,8856.37,3586.51,2.4,Completed
FOO1066,Whitney Bass,Hendersonchester,Arizona,North,C,Type2,2025-06-11,3,704.04,0.3,4658.49,3928.74,1.8,Completed
FOO1067,Mr. Derek Hardy Jr.,Amandafurt,Hawaii,East,C,Type3,2023-09-26,7,500.68,0.11,1365.77,3374.55,4.0,Pending
FOO1068,Madison Craig,North Donaldfort,South Dakota,East,B,Type2,2025-11-01,19,294.81,0.2,2642.91,3091.95,2.5,Completed
FOO1069,Spencer Lewis,West Brookehaven,Missouri,South,D,Type3,2024-04-04,3,730.51,0.12,2322.84,2190.29,4.3,Pending
FOO1070,Kenneth Mercado,Burnsfort,Michigan,South,C,Type1,2025-05-15,13,565.83,0.25,9210.38,640.11,4.4,Cancelled
FOO1071,Trevor Nelson,Marymouth,Vermont,South,D,Type1,2026-01-20,15,664.06,0.25,5149.0,1400.2,2.4,Pending
FOO1072,Jessica Daniels,Elizabethhaven,Alaska,South,A,Type3,2025-03-05,15,545.51,0.08,7049.74,841.12,4.3,Completed
FOO1073,Mary Mccall,Leslieton,Virginia,South,B,Type3,2026-01-07,18,89.58,0.1,8883.72,3510.94,1.8,Pending
FOO1074,Stephanie Ross,Liustad,Montana,North,D,Type1,2024-01-24,18,971.21,0.2,5782.37,2177.61,4.7,Pending
FOO1075,Maria Lopez,,Connecticut,East,D,Type1,2024-08-14,12,618.09,0.25,545.09,1489.5,3.0,Pending
FOO1076,Eileen Kennedy,West Kimberlyview,Indiana,South,C,Type1,2023-11-18,11,771.73,0.24,723.19,3506.01,1.3,Pending
FOO1077,Jessica Allen,North Russell,Maine,North,A,Type3,2023-08-14,5,202.29,0.15,1711.65,2924.48,3.0,Cancelled
FOO1078,Gregory Diaz,Jacobburgh,Wisconsin,East,B,Type1,2025-12-06,13,610.96,0.3,3573.17,2413.85,3.0,Pending
FOO1079,Elizabeth Martinez,North Jennastad,Kansas,North,A,Type3,2026-03-19,9,680.08,0.04,2214.89,-405.23,1.7,Completed
FOO1080,Sarah Carey,Lake Joshua,Tennessee,West,D,Type2,2024-01-12,10,449.86,0.21,849.38,4450.34,4.6,Cancelled
FOO1081,Richard Mcclure,Jenniferland,Alaska,South,B,Type3,2025-12-04,9,339.0,0.13,4019.71,,3.3,Cancelled
FOO1082,Gregory Mcdaniel,Lake Theresaside,Illinois,East,B,Type2,2024-12-20,19,683.11,0.0,8906.21,1469.98,3.1,Cancelled
FOO1083,Lindsay Copeland,Allisonfort,Hawaii,South,C,Type1,2025-04-28,9,963.37,0.14,7383.96,4941.09,4.7,Completed
FOO1084,Alyssa Bryant,Lake Mariemouth,Pennsylvania,East,C,Type1,2023-09-13,2,625.89,0.29,5654.03,1434.38,1.7,Cancelled
FOO1085,Deborah Page,South Michael,Massachusetts,South,D,Type3,2025-11-12,13,626.23,0.21,7865.91,3189.55,2.4,Cancelled
FOO1086,Anthony Palmer,Port Terrimouth,Florida,North,B,Type3,2025-12-04,11,331.76,0.02,3341.22,47.61,4.7,Completed
FOO1087,Michelle Sullivan,Port Adamside,Massachusetts,West,B,Type3,2023-10-23,13,210.51,0.15,9254.0,4086.88,1.3,Pending
FOO1088,Kristie Bowen,Port Lindsay,California,North,B,Type1,2024-11-18,8,881.49,0.2,5178.97,3416.82,4.4,Completed
FOO1089,Brian Roberts,Morganhaven,Wyoming,East,D,Type2,2025-05-18,8,65.03,0.25,5231.27,587.92,2.1,Pending
FOO1090,Ashley Garza,New Jessica,Kansas,West,B,Type2,2025-04-10,12,681.24,0.0,3582.0,3193.94,2.6,Cancelled
FOO1091,Michael Ware,South Scottville,Arizona,West,C,Type3,2025-05-30,15,590.32,0.13,5688.77,314.67,3.3,Pending
FOO1092,Brian Smith,East Deborah,Georgia,North,C,Type3,2024-05-10,13,700.54,0.08,9332.54,4986.56,1.8,Pending
FOO1093,Mark Figueroa,Loriburgh,Georgia,North,B,Type1,2025-12-17,12,856.19,0.21,1181.27,-92.48,2.4,Completed
FOO1094,Nicholas Flores,Angelamouth,Delaware,South,D,Type1,2025-12-02,16,792.36,0.03,4349.39,2160.88,3.4,Pending
FOO1095,Susan Myers,Rebeccatown,South Dakota,East,A,Type3,2023-10-24,16,476.45,0.2,6147.84,4713.3,4.6,Cancelled
FOO1096,Tanya Wilson,South Davidton,Montana,North,D,Type3,2023-10-24,7,392.11,0.05,3291.2,3092.27,2.0,Cancelled
FOO1097,Martha Stephens,New Kristi,Kentucky,East,A,Type1,2024-08-25,18,401.18,0.14,7501.02,1315.3,2.9,Cancelled
FOO1098,Jason Brown,Raymondbury,Ohio,North,D,Type1,2025-04-25,4,492.5,0.03,1394.65,3046.15,1.9,Cancelled
FOO1099,William Mcfarland,East Mariahport,Montana,South,B,Type3,2024-07-10,12,722.1,0.25,6905.27,3528.38,3.0,Completed
FOO1100,Kelly Moore,West Adrienne,Maine,South,A,Type1,2024-03-16,16,783.02,0.22,4353.78,2162.0,2.5,Pending
FOO1101,Angela Burns,,Michigan,South,A,Type3,2024-12-18,2,394.98,0.09,199.42,,4.7,Cancelled
FOO1102,Kara James,Lake Robert,Delaware,North,C,Type2,2025-12-06,5,408.95,0.06,9894.27,,3.4,Pending
FOO1103,Tyler Murray,Lloydhaven,Utah,South,A,Type2,2026-05-17,10,972.95,0.23,3468.83,2099.95,3.1,Completed
FOO1104,Leslie Thomas,West Kennethberg,Nebraska,South,C,Type3,2025-09-12,11,861.5,0.07,4870.21,524.86,2.8,Completed
FOO1105,Rebecca Kramer,Crystalmouth,Michigan,West,A,Type3,2024-06-05,18,237.99,0.1,839.87,3573.74,1.3,Pending
FOO1106,Justin Keller,North Donald,Delaware,North,D,Type1,2025-11-25,15,460.56,0.06,6095.44,1255.11,3.1,Cancelled
FOO1107,Scott Ford,,New Hampshire,East,A,Type2,2024-08-13,2,938.86,0.09,379.21,576.67,1.7,Completed
FOO1108,Brad Warren,,Texas,West,A,Type3,2025-01-27,18,108.33,,5012.68,2779.79,2.3,Cancelled
FOO1109,Lisa Shepherd,Robertmouth,Utah,South,A,Type2,2026-02-19,6,954.68,0.24,3354.38,840.83,2.3,Completed
FOO1110,Jimmy Nicholson,North Cheyennemouth,Vermont,North,D,Type1,2024-01-24,16,971.11,0.23,1962.74,1850.15,4.9,Completed
FOO1111,Bradley Diaz,North Michaelmouth,Alaska,West,C,Type1,2025-04-25,19,95.6,0.05,2897.45,2903.69,2.6,Pending
FOO1112,Timothy Johnson,Kristinaview,Oklahoma,South,B,Type1,2026-04-29,5,260.02,0.15,8130.58,,4.8,Completed
FOO1113,Julie Morales,West Eric,Washington,North,C,Type3,2025-09-16,13,30.1,0.0,9987.46,1066.59,2.0,Cancelled
FOO1114,Theresa Moss,Morganview,New York,North,C,Type3,2024-08-12,11,891.06,0.02,2049.66,2542.98,4.1,Completed
FOO1115,Dean Jimenez,West Jacquelinebury,Virginia,East,A,Type2,2026-02-22,2,141.47,0.19,8430.27,1042.09,1.1,Pending
FOO1116,William Bishop,Port Laurabury,Vermont,West,C,Type2,2024-08-14,9,294.55,0.15,6858.7,3242.35,1.3,Pending
FOO1117,Mrs. Laura Bray,Smithtown,Oklahoma,West,B,Type1,2025-12-20,6,928.5,0.28,3697.99,1952.73,4.8,Cancelled
FOO1118,Misty Stone,Duanetown,Kansas,West,B,Type1,2023-07-09,14,390.77,0.24,4527.17,168.51,2.8,Pending
FOO1119,Ronald Mcintosh,East Jefferyfurt,Kansas,South,A,Type2,2024-12-30,1,392.78,0.07,9666.97,837.01,2.6,Pending
FOO1120,Melanie Thompson,Olsenmouth,Vermont,South,B,Type2,2026-04-23,4,327.35,0.17,4000.09,4046.22,3.1,Cancelled
FOO1121,Catherine Gibson,Port Rachael,Iowa,West,B,Type2,2025-08-24,11,916.95,0.29,7436.58,2288.12,1.9,Pending
FOO1122,Jesse Garcia,New Sharonmouth,Texas,East,C,Type3,2024-11-11,16,986.42,0.17,8504.63,35.93,4.0,Pending
FOO1123,Tony Marshall,Port Ericshire,Oklahoma,South,B,Type2,2025-12-13,8,864.49,0.09,6007.81,1156.81,2.2,Completed
FOO1124,Katherine Bauer,Lake Michellefort,Nebraska,West,C,Type1,2026-05-12,17,246.12,0.17,6048.37,2462.53,4.5,Cancelled
FOO1125,Corey Greer,Grayland,Pennsylvania,South,B,Type1,2025-09-18,9,648.7,0.02,5111.65,3392.41,3.3,Cancelled
FOO1126,Tyler Hudson,Olsonside,Massachusetts,North,C,Type2,2025-07-19,7,452.61,0.03,9441.31,1693.49,3.7,Completed
FOO1127,Robert Bridges,Lake Fernando,Hawaii,North,C,Type2,2024-10-08,12,836.89,0.24,9050.87,3503.35,3.1,Pending
FOO1128,Barbara Conway,South Gabrielshire,New Jersey,West,A,Type1,2023-07-29,12,835.81,0.25,8563.56,2573.83,1.9,Completed
FOO1129,Julie Romero,West Josephchester,Rhode Island,North,A,Type2,2023-10-31,10,560.85,0.06,8191.84,3926.34,2.7,Pending
FOO1130,Thomas Washington,Aliciaport,Georgia,North,C,Type3,2026-03-06,2,871.8,0.02,6221.47,3508.34,3.6,Completed
FOO1131,Jessica Mejia,East Dustinside,South Dakota,South,B,Type1,2026-05-21,16,289.31,0.11,7907.41,2074.85,2.1,Completed
FOO1132,Julie Lee,West Markhaven,Rhode Island,North,A,Type1,2023-08-15,12,615.22,0.21,7193.49,3173.34,4.6,Cancelled
FOO1133,Anita Collins,Ortegaberg,North Dakota,South,A,Type3,2024-09-23,7,956.75,0.27,9429.49,4237.59,1.9,Pending
FOO1134,Alex Reed,Schaeferland,Rhode Island,West,D,Type3,2025-02-12,6,379.86,0.09,3016.15,4976.42,2.4,Pending
FOO1135,Marilyn Rogers,Lake Jerry,Kentucky,East,C,Type3,2025-08-10,10,873.08,0.15,4753.77,-421.44,1.1,Pending
FOO1136,Amy Johnson,Lake Kevin,Georgia,South,D,Type2,2024-04-04,3,608.1,0.05,4753.39,421.65,4.0,Completed
FOO1137,Melinda Romero,Robbinsborough,Pennsylvania,West,A,Type3,2025-12-19,16,548.29,0.06,9634.47,4157.33,3.8,Pending
FOO1138,Robert Hill,Taylorbury,Washington,South,C,Type1,2025-07-23,3,560.95,0.06,8328.47,975.15,2.6,Pending
FOO1139,Joshua Mcdonald,Andrewfurt,Oregon,East,D,Type3,2023-09-26,12,884.7,0.14,822.26,812.47,2.5,Pending
FOO1140,Eric Gonzalez,North Victor,Massachusetts,North,D,Type3,2023-06-19,3,698.86,0.1,3487.88,1871.6,1.3,Pending
FOO1141,Bryan Ortega,Port Catherineside,New Mexico,East,B,Type2,2025-02-18,12,394.67,0.02,2347.58,4590.47,2.1,Cancelled
FOO1142,Ronald Wright,South Carlos,New Mexico,East,B,Type1,2023-12-07,7,310.2,0.03,8746.1,502.06,4.2,Cancelled
FOO1143,Barbara Combs,Johnport,Alaska,West,C,Type2,2025-02-16,2,937.71,0.19,9354.87,992.85,1.6,Completed
FOO1144,Aaron Murphy,Lake Brendaside,Utah,East,D,Type1,2025-09-12,5,672.3,0.19,2524.27,4102.38,1.8,Completed
FOO1145,Annette Lester,East Jessicaton,New Jersey,East,D,Type1,2023-07-05,15,816.67,0.23,151.47,3826.59,1.1,Pending
FOO1146,Angel Tran,,Maine,North,C,Type3,2025-03-29,1,182.77,0.2,7320.78,2982.19,3.6,Completed
FOO1147,Kim Dean,Lake Thomasfort,Indiana,East,B,Type3,2025-03-28,9,868.62,0.23,3624.77,3646.11,1.6,Pending
FOO1148,Amy Gutierrez,Brandonbury,Nevada,West,D,Type2,2025-05-12,13,811.86,0.29,6960.45,1020.68,2.3,Cancelled
FOO1149,Charles Delacruz,South Matthewmouth,Colorado,South,B,Type2,2023-12-16,9,824.65,0.06,6191.7,3133.07,3.1,Completed
FOO1150,Roger Paul,Christinamouth,Pennsylvania,South,D,Type2,2024-05-04,7,16.55,0.22,194.43,2661.89,2.3,Pending
FOO1151,Michelle Miller,Turnerbury,Georgia,South,A,Type2,2024-07-28,14,639.66,0.28,6363.96,3990.55,2.7,Pending
FOO1152,Samantha Wells,South Conniefurt,Louisiana,North,A,Type3,2025-07-13,5,489.84,0.01,6699.33,-392.75,3.8,Cancelled
FOO1153,Lindsey Huang,Swansonport,Georgia,North,B,Type2,2024-07-27,19,271.29,0.1,110.28,-311.28,1.6,Pending
FOO1154,Christopher Fleming,Murraychester,West Virginia,South,D,Type2,2024-02-13,8,954.7,0.29,8913.14,2395.8,3.2,Cancelled
FOO1155,Richard Harvey,Antonioport,Idaho,North,D,Type3,2026-03-05,13,903.78,0.3,6174.2,4028.5,1.5,Cancelled
FOO1156,Christopher Johnson,Paceborough,Utah,North,B,Type2,2026-02-26,17,407.38,0.09,9691.14,2550.44,1.7,Cancelled
FOO1157,Chelsea Wilson,Aliciashire,New York,North,A,Type3,2024-02-07,15,823.35,0.26,7925.97,1482.94,2.7,Completed
FOO1158,Brenda Allen,Christinashire,Louisiana,West,A,Type1,2026-03-16,3,527.99,0.02,2137.66,3314.84,1.2,Pending
FOO1159,Steven Vazquez,Tinabury,New Hampshire,West,C,Type3,2023-06-16,16,826.57,0.13,6254.87,2918.55,2.7,Cancelled
FOO1160,Sarah Randolph,Edwardsmouth,Pennsylvania,North,C,Type2,2025-06-01,10,612.99,0.1,336.77,-318.31,1.7,Cancelled
FOO1161,Wesley Summers,West Angela,Georgia,North,D,Type1,2025-10-19,8,859.54,0.18,2976.09,890.74,3.1,Completed
FOO1162,Caitlin Parker,Tarachester,Nebraska,South,D,Type1,2024-01-16,19,160.24,0.26,6251.0,277.68,4.8,Cancelled
FOO1163,Darren White,South Trevor,New Jersey,West,C,Type3,2024-04-21,2,731.02,0.03,332.58,3813.41,2.3,Pending
FOO1164,Jean Knight,Hernandezport,Wyoming,West,B,Type2,2025-08-09,10,279.79,0.21,3568.35,1971.44,2.8,Cancelled
FOO1165,Ronald Hughes,South Eric,Connecticut,North,C,Type1,2025-09-06,5,311.2,0.21,7697.6,-258.68,3.5,Cancelled
FOO1166,Sonya Rojas,South Michaelfurt,Nebraska,West,C,Type3,2024-07-05,16,384.67,0.23,7480.9,3734.7,3.5,Pending
FOO1167,Jacob Barr,Port Suzannechester,Illinois,East,C,Type3,2024-06-17,11,107.14,0.16,212.68,3564.66,2.9,Pending
FOO1168,Kathy Ortega,West Sharon,Montana,West,B,Type1,2024-04-05,9,722.91,0.07,2856.43,1718.21,1.8,Cancelled
FOO1169,Heather Brown,New Julie,Utah,West,B,Type2,2024-03-16,18,980.47,0.01,1647.98,-495.84,3.3,Completed
FOO1170,Madison White,Port Patrick,Idaho,East,A,Type1,2023-07-28,13,387.3,0.29,8915.43,-221.58,3.1,Cancelled
FOO1171,Travis Thompson,Lake Douglaston,Utah,West,B,Type2,2025-07-03,6,16.53,0.02,578.44,929.33,2.4,Cancelled
FOO1172,Joshua Gray,Lake Angela,Oklahoma,West,B,Type1,2024-02-15,3,395.25,0.17,9629.23,4680.26,1.7,Pending
FOO1173,Emily Lopez,Andrewborough,Nevada,West,C,Type2,2025-07-05,5,35.41,0.09,8649.26,-409.98,1.9,Pending
FOO1174,Catherine Miller,Ericaview,Louisiana,North,C,Type2,2023-06-02,6,590.93,0.22,8247.05,1808.03,1.7,Pending
FOO1175,Sandra Fletcher,Kingport,Minnesota,South,A,Type2,2025-02-10,5,725.99,0.01,100.39,98.59,3.9,Cancelled
FOO1176,Christopher Sandoval,West Amber,Oklahoma,North,B,Type2,2024-08-11,8,311.85,0.22,571.52,2713.07,4.6,Cancelled
FOO1177,Philip Gibson,Danielleborough,Missouri,West,D,Type3,2025-06-27,9,186.85,0.08,8393.99,4067.19,3.0,Completed
FOO1178,Kevin Leblanc,Ianhaven,Nevada,West,D,Type1,2023-10-16,5,48.61,0.18,5008.99,493.34,4.3,Pending
FOO1179,Stacy Baldwin,North Katelynborough,Arkansas,East,A,Type3,2023-06-17,12,876.04,0.11,8600.32,1590.61,3.2,Pending
FOO1180,Jamie Brown,Kevinbury,Michigan,East,D,Type3,2024-02-03,2,508.92,,7823.71,1236.96,2.4,Pending
FOO1181,Jason Gonzalez,Stephanieland,Oklahoma,East,B,Type3,2025-09-03,3,75.62,0.1,6583.47,1318.18,1.6,Pending
FOO1182,Marc Stevens,Jacquelineport,Iowa,North,D,Type2,2023-07-08,19,345.31,0.2,987.72,3485.75,4.9,Completed
FOO1183,Todd Frazier,Emilystad,Nevada,East,B,Type2,2024-06-12,18,442.48,,8023.26,89.23,4.8,Completed
FOO1184,Michaela Wagner,East Annashire,Nebraska,West,D,Type1,2024-03-01,5,400.02,0.15,1089.37,2358.87,1.6,Completed
FOO1185,Bradley Moss DDS,South Scott,Pennsylvania,East,B,Type3,2024-10-28,18,865.28,0.05,8004.15,125.55,4.0,Cancelled
FOO1186,Dr. Michelle Carey,New Kathryn,Iowa,West,A,Type1,2025-12-27,3,423.33,0.18,369.95,,4.3,Completed
FOO1187,Sandra Phelps,Danielletown,New Jersey,East,B,Type2,2025-03-07,5,286.19,0.24,4666.49,2646.97,4.3,Completed
FOO1188,Jordan Franklin,Derrickmouth,Nevada,South,D,Type1,2026-05-20,8,429.93,0.16,7902.27,2737.73,3.6,Completed
FOO1189,Daniel Jones,New Tyrone,Connecticut,West,A,Type3,2025-12-08,3,377.66,,294.46,4028.56,3.7,Pending
FOO1190,Tiffany Porter,Douglaschester,Idaho,East,D,Type3,2023-12-15,19,86.27,0.18,5751.85,1178.29,2.2,Cancelled
FOO1191,Megan Miller,Brownton,Iowa,South,D,Type3,2025-12-05,11,989.26,0.07,9581.27,4461.46,4.0,Cancelled
FOO1192,Brian Gallagher,East Kelsey,West Virginia,East,A,Type2,2023-08-05,17,465.91,0.0,7055.58,314.32,2.6,Cancelled
FOO1193,Jeffrey Allen,Cohenport,Mississippi,North,B,Type3,2024-02-02,11,205.48,0.22,8865.49,3876.21,4.1,Cancelled
FOO1194,Charles Harris,Lake Melinda,Wisconsin,South,B,Type3,2025-09-28,12,474.56,0.25,1255.71,1561.2,3.3,Cancelled
FOO1195,Bianca Burgess,Christophermouth,Kansas,South,D,Type2,2024-11-10,19,538.07,0.21,4298.72,34.26,3.0,Completed
FOO1196,Charles Torres,Frankfurt,Nevada,North,B,Type3,2024-01-29,19,405.63,0.28,6035.05,2695.86,3.3,Pending
FOO1197,Jennifer Webb,Joshuaview,New Mexico,North,A,Type1,2025-11-30,7,350.59,0.03,855.54,3319.98,4.5,Completed
FOO1198,Erika Smith,Reynoldsfurt,Arizona,North,D,Type2,2025-11-07,1,706.5,0.03,974.58,3992.75,1.6,Pending
FOO1199,Jermaine Schmidt,East Brad,Rhode Island,South,C,Type1,2024-07-21,12,675.24,0.14,3704.82,-120.27,4.6,Pending
FOO1200,Michelle Patterson,Robertshire,New York,East,A,Type3,2025-12-19,6,318.63,0.19,8017.7,-452.39,3.1,Completed
FOO1201,Marissa Chavez,Harrishaven,Texas,East,A,Type3,2024-01-02,13,558.15,0.16,5279.3,402.12,2.8,Cancelled
FOO1202,Tanya Scott,New Jesse,Montana,East,B,Type2,2026-05-22,2,145.61,0.11,4064.85,,2.6,Pending
FOO1203,Patrick Allen,Joeltown,Massachusetts,East,C,Type3,2026-01-16,10,491.75,0.11,8150.87,2306.51,4.1,Cancelled
FOO1204,Jennifer Powers,South Devon,Kansas,East,A,Type3,2025-07-03,5,503.6,0.13,957.15,-481.44,1.3,Cancelled
FOO1205,Ronnie Moore,South Alexandra,New Hampshire,West,C,Type3,2023-06-15,7,198.83,0.01,5331.86,821.58,3.6,Completed
FOO1206,Amber Miller,Darrellmouth,South Carolina,South,A,Type1,2023-12-29,1,198.23,0.18,6023.31,1198.24,4.8,Pending
FOO1207,Timothy Lee,Powellmouth,California,East,B,Type2,2026-02-26,5,149.38,0.08,5752.85,1251.73,3.4,Cancelled
FOO1208,Jennifer Parker,Port Chloe,Louisiana,South,C,Type3,2025-05-05,8,866.88,0.08,2070.58,2133.48,2.5,Pending
FOO1209,Brent Fleming,Lozanomouth,Georgia,West,A,Type3,2023-11-18,8,738.94,0.25,9003.08,27.01,4.4,Pending
FOO1210,Michael Thompson,Lake Williamhaven,Missouri,East,D,Type2,2023-11-22,12,207.49,0.19,3999.61,3706.34,1.3,Pending
FOO1211,Shirley Mcclure,Lake Deniseside,California,North,D,Type2,2025-02-15,3,838.97,0.17,9441.7,1672.39,4.3,Pending
FOO1212,Joseph Haynes,,North Carolina,West,A,Type3,2025-05-15,4,320.95,0.11,1930.77,1123.64,4.0,Cancelled
FOO1213,Evan Craig,Grantfort,Alabama,North,D,Type1,2024-04-29,8,351.5,0.14,2645.03,-215.47,1.1,Cancelled
FOO1214,Frances Spencer,South Tinaview,Florida,East,A,Type3,2025-09-25,2,71.84,0.24,1670.54,2073.09,2.3,Completed
FOO1215,Tyler Smith,Lake Amyfort,New Mexico,North,B,Type2,2023-07-15,9,728.41,0.11,9731.55,4582.02,3.6,Pending
FOO1216,Robert Townsend,Tracybury,New Mexico,South,D,Type1,2023-07-13,2,233.42,0.09,723.69,1579.21,1.4,Completed
FOO1217,Chelsea Kennedy,Port Kurt,Washington,North,D,Type3,2026-04-17,9,457.32,0.11,4683.66,3998.42,2.0,Pending
FOO1218,William Harrington,Andrewshaven,New Mexico,North,D,Type2,2023-08-16,9,156.35,0.1,4719.19,1630.73,3.5,Cancelled
FOO1219,Jacob Collins,West Stacey,Indiana,East,B,Type2,2025-06-18,5,779.75,0.2,4068.36,4504.73,1.7,Completed
FOO1220,Samantha Frost,Port Heatherchester,Kansas,West,D,Type1,2025-04-01,12,494.16,0.29,6588.77,1151.15,1.3,Completed
FOO1221,Traci Wilcox,New Madison,Maryland,East,C,Type3,2023-11-24,13,939.84,0.01,8161.99,984.63,4.5,Pending
FOO1222,Laura Andrews,North Daniellemouth,Mississippi,South,A,Type2,2023-12-25,2,232.42,,1266.94,3929.75,2.3,Completed
FOO1223,David Cochran,Pattersonside,New Jersey,West,C,Type2,2024-01-21,11,57.27,0.14,1423.43,2339.33,1.4,Pending
FOO1224,Kevin Cook,Gallagherbury,Oklahoma,East,D,Type1,2024-04-23,13,344.54,0.29,2560.31,3643.34,1.8,Cancelled
FOO1225,Jennifer Elliott,Alisonland,Rhode Island,North,A,Type2,2023-11-07,4,535.62,0.11,9884.83,4630.53,1.3,Cancelled
FOO1226,Lori Newton,West Gerald,Missouri,East,C,Type2,2025-04-12,2,585.91,0.02,8472.5,479.21,4.9,Completed
FOO1227,Melissa Reeves,Collinsview,Oregon,East,B,Type1,2024-06-16,17,828.22,0.13,885.69,1426.6,1.6,Cancelled
FOO1228,Stephanie Aguilar PhD,Lake Hayleyport,Colorado,West,A,Type2,2023-11-07,6,568.61,0.05,8458.37,1059.28,2.7,Cancelled
FOO1229,Jacqueline Long,Anthonyburgh,Texas,East,D,Type3,2024-10-11,7,165.89,0.07,9507.87,1406.73,1.2,Pending
FOO1230,Casey Jackson,Rachelborough,Wisconsin,East,D,Type2,2026-05-16,3,606.13,0.27,6210.19,148.92,2.2,Completed
FOO1231,Kelli Oneill,Stevenmouth,Utah,East,C,Type2,2025-10-20,11,185.29,0.15,6871.86,891.02,4.9,Pending
FOO1232,Christina Dillon,Port Ronaldfort,Rhode Island,South,D,Type1,2026-02-04,9,823.88,0.27,5855.19,1900.45,1.8,Completed
FOO1233,Kelly Burton,West Jennifer,North Carolina,North,D,Type3,2023-11-19,4,103.3,0.11,2918.53,156.2,2.4,Cancelled
FOO1234,Bradley Ochoa,South Kenneth,Colorado,South,B,Type3,2026-02-23,8,163.08,0.21,544.08,4395.27,3.6,Pending
FOO1235,Dr. Christie Howard,Hannahhaven,Georgia,North,C,Type1,2025-03-06,10,417.79,0.24,916.72,4090.92,3.6,Completed
FOO1236,Sandra Thompson,Allenside,Missouri,South,C,Type2,2024-05-21,17,218.36,0.01,8944.68,2313.56,3.7,Pending
FOO1237,Dennis Bright,Laramouth,Nebraska,South,B,Type2,2024-08-26,6,557.21,0.28,4701.23,-172.38,3.2,Cancelled
FOO1238,Kevin Johnson MD,Jonfort,Michigan,West,A,Type2,2025-12-08,6,738.79,0.01,136.54,577.87,3.7,Cancelled
FOO1239,Sherri Stanley,West Robert,New Jersey,East,A,Type2,2024-08-29,5,711.15,0.01,6305.0,3996.14,4.0,Completed
FOO1240,Kristine Gonzales,East Stephenbury,Maine,North,B,Type2,2023-07-13,3,160.66,0.23,5056.94,3336.25,2.1,Completed
FOO1241,Justin Brewer,South Patricia,South Carolina,South,B,Type2,2024-06-11,2,854.27,0.08,1082.68,4044.49,2.3,Pending
FOO1242,Kimberly Greene,Heatherhaven,Oregon,East,D,Type1,2023-07-04,10,259.9,0.14,6525.49,-251.58,1.2,Completed
FOO1243,Kyle Hall,North Deborah,Rhode Island,West,C,Type2,2024-08-02,2,144.89,0.08,8584.58,1155.77,1.1,Pending
FOO1244,Adam Hoffman,Ericton,Indiana,South,A,Type2,2024-09-29,4,427.44,0.22,9512.72,867.87,4.6,Pending
FOO1245,Russell Rogers,Michaelburgh,Hawaii,South,C,Type2,2026-03-29,16,48.0,0.12,7902.44,3175.5,4.2,Completed
FOO1246,Michael Turner,North Jessica,California,West,B,Type3,2024-04-19,9,173.04,0.17,1054.64,451.69,2.7,Cancelled
FOO1247,Christopher Ellison,Richardsberg,Alaska,South,C,Type3,2026-03-21,10,591.1,0.22,3841.58,-137.53,2.3,Cancelled
FOO1248,Tina Munoz,East Edward,Rhode Island,South,C,Type3,2026-03-01,4,19.86,0.12,7014.02,3696.85,1.1,Pending
FOO1249,Stephanie Maxwell,Kellerfurt,South Carolina,West,B,Type1,2024-11-20,13,452.77,,6150.28,2723.16,1.6,Pending
FOO1250,Dr. Kellie Saunders,Port Daniel,Mississippi,North,A,Type1,2024-07-05,7,781.73,0.26,5206.22,1672.5,2.0,Completed
FOO1251,Tracey Weeks,Brandtton,Massachusetts,North,D,Type2,2024-05-01,2,270.64,0.13,8718.44,1897.89,3.5,Pending
FOO1252,Theodore Cruz,Wilsonburgh,New York,East,A,Type1,2025-08-14,3,836.09,0.16,8989.98,1964.83,2.3,Completed
FOO1253,Vanessa Baker,South Sandraport,New Mexico,North,C,Type1,2023-12-28,10,962.4,0.29,265.55,1698.82,4.5,Cancelled
FOO1254,Virginia Brooks,South Jessehaven,Hawaii,North,A,Type3,2024-06-11,19,624.25,0.08,2179.0,708.97,1.0,Completed
FOO1255,Sharon Stone,Wolfeview,Iowa,South,B,Type3,2025-08-28,17,884.67,0.04,4736.88,4299.84,4.5,Cancelled
FOO1256,Dawn Ruiz,Smithview,Delaware,North,B,Type2,2023-07-29,11,831.54,0.2,1645.25,-152.47,1.2,Completed
FOO1257,Marissa Wilkins,Andreaside,Georgia,South,A,Type1,2025-08-09,12,652.4,0.09,3650.22,1880.77,3.1,Completed
FOO1258,Scott Parks,Johnview,Tennessee,South,D,Type1,2024-09-05,19,351.76,0.26,4356.05,,4.2,Cancelled
FOO1259,Robin Price,Johnmouth,New Hampshire,South,B,Type1,2024-07-14,1,353.99,0.26,4015.51,872.13,3.8,Completed
FOO1260,Benjamin Gibson,Johnport,New Hampshire,West,C,Type3,2025-10-14,5,841.87,0.03,5786.25,3846.63,4.8,Completed
FOO1261,Dr. Olivia Green,Port Michelleport,South Carolina,West,B,Type3,2024-03-01,14,187.12,0.3,3741.92,1932.0,2.8,Cancelled
FOO1262,Kimberly Williams,,New Hampshire,North,B,Type1,2026-05-04,10,858.87,0.23,5807.46,801.97,3.6,Cancelled
FOO1263,Kenneth Flowers,North Marthaborough,West Virginia,East,B,Type1,2024-07-08,11,286.19,0.02,7974.96,3097.2,2.9,Completed
FOO1264,Jennifer Gonzales,South Michaelfurt,Wisconsin,East,C,Type3,2026-05-19,12,807.67,0.3,9037.35,366.45,3.5,Pending
FOO1265,Amber Rivas,Port Alan,Virginia,South,A,Type2,2024-01-14,17,707.65,0.01,7734.01,1248.84,1.3,Completed
FOO1266,Lynn Bullock,Lake Karen,New Mexico,East,C,Type3,2023-06-19,6,401.07,0.04,2287.75,4858.96,3.9,Completed
FOO1267,Taylor Carter,Scottburgh,Kansas,North,A,Type1,2024-10-28,12,78.71,0.08,8575.73,4355.3,4.0,Cancelled
FOO1268,Christopher Fowler,North Maryhaven,West Virginia,North,D,Type1,2025-06-01,8,385.01,0.19,7309.27,3191.99,2.9,Pending
FOO1269,Tina Freeman,Deborahton,Idaho,West,C,Type2,2025-07-07,7,153.57,0.27,9541.04,896.33,2.0,Completed
FOO1270,Cindy Hernandez,Andrewsmouth,Florida,East,B,Type3,2026-05-09,3,382.12,0.07,8182.56,3243.96,1.5,Cancelled
FOO1271,Sandra Williams,Harrisfort,Nebraska,South,B,Type3,2023-06-22,6,192.76,0.11,2796.13,1538.72,3.3,Cancelled
FOO1272,Adam Leblanc,Chavezland,New Hampshire,South,C,Type3,2024-02-28,19,987.04,0.04,285.86,522.55,4.0,Completed
FOO1273,Sara Lee,West Matthew,Minnesota,South,A,Type2,2025-08-10,7,828.08,0.17,3633.31,848.63,2.6,Pending
FOO1274,Stacey Arnold,Saraside,Nevada,North,D,Type2,2025-04-01,16,854.16,0.23,1322.39,885.74,4.9,Pending
FOO1275,Tiffany Fuentes,Jeremiahchester,Louisiana,East,B,Type2,2024-11-13,15,663.31,0.14,4350.06,929.43,1.6,Completed
FOO1276,Jonathon Moreno,Rodriguezfort,New York,South,B,Type3,2023-09-01,17,319.67,0.09,6536.34,681.9,2.2,Completed
FOO1277,Alex Webb,Pricechester,New Jersey,North,B,Type1,2023-06-27,11,496.41,0.09,4501.39,4572.53,2.5,Cancelled
FOO1278,Mr. Christopher Irwin,East Nathan,Connecticut,South,C,Type1,2024-08-20,1,948.11,0.25,5792.58,2263.55,3.6,Pending
FOO1279,Kenneth Anderson,,West Virginia,South,B,Type3,2024-04-17,13,695.93,0.24,5749.96,1065.86,1.1,Cancelled
FOO1280,Keith Torres,Victoriaview,Rhode Island,West,D,Type3,2023-10-12,2,970.08,0.2,4868.46,3519.66,3.2,Pending
FOO1281,Samantha Benson,West Zachary,New Hampshire,East,C,Type3,2023-09-13,8,540.3,0.18,6020.93,4992.49,3.6,Completed
FOO1282,Lori Lopez,Davidview,Texas,West,C,Type1,2025-01-17,5,29.71,0.07,2989.1,-437.48,3.9,Completed
FOO1283,Ashley Lewis,Beanborough,Oklahoma,North,A,Type2,2026-03-31,10,412.98,0.26,9921.02,3228.88,2.5,Cancelled
FOO1284,Mr. Vincent Moran,East Samuel,Michigan,South,B,Type2,2025-07-07,10,686.82,0.18,4357.86,2965.09,4.6,Completed
FOO1285,Peter Smith,New Michaelfort,Wyoming,East,A,Type1,2025-04-08,9,905.96,0.26,7991.71,2841.55,1.8,Pending
FOO1286,Sydney Wilson,Debrachester,Oregon,North,B,Type3,2025-05-23,14,865.47,0.06,7880.1,1117.56,3.3,Pending
FOO1287,Devin Sullivan,Boothhaven,Maine,West,B,Type1,2024-03-25,13,599.19,0.19,3788.88,738.13,2.9,Completed
FOO1288,Joseph Diaz,New Richardbury,Colorado,North,B,Type2,2026-01-05,11,776.18,0.2,2158.65,2137.22,4.9,Pending
FOO1289,Kimberly Gomez,Bradshawview,Nevada,North,B,Type2,2024-11-08,17,636.69,0.15,5048.8,4149.44,2.1,Pending
FOO1290,Holly Snow,Lake Amanda,Texas,East,D,Type1,2024-02-03,18,683.84,0.01,3799.68,2742.88,2.5,Pending
FOO1291,John Taylor,Lake Jacquelineberg,Oklahoma,East,D,Type2,2025-01-21,16,517.23,0.14,4763.94,-113.71,3.8,Completed
FOO1292,Jodi Bowman,Lake Scott,Ohio,East,A,Type1,2024-11-04,6,291.5,0.16,9304.04,3331.54,3.8,Cancelled
FOO1293,Calvin Andrews,Port Benjaminchester,Michigan,South,B,Type3,2025-02-17,7,854.34,0.18,5962.95,3571.83,1.2,Completed
FOO1294,Jennifer Neal,West Rebekahside,New Jersey,West,B,Type3,2024-03-13,2,522.14,0.1,6186.39,2225.57,2.3,Pending
FOO1295,Luis Jones,Port Hannahchester,Iowa,South,A,Type2,2024-05-25,10,270.15,0.26,6506.52,4437.71,1.9,Pending
FOO1296,William Lewis,Lake Madisonview,West Virginia,West,A,Type3,2025-05-06,9,583.11,0.18,193.88,598.08,4.7,Completed
FOO1297,Scott Brown,Hooverton,Maryland,East,D,Type2,2023-09-18,4,781.59,0.28,7548.3,3643.52,4.2,Pending
FOO1298,Renee Thomas,Port Jeremy,New Hampshire,North,C,Type3,2024-04-19,3,317.17,0.18,4897.41,1620.27,4.6,Completed
FOO1299,Mrs. Erica Howard,,Kansas,West,A,Type2,2025-04-07,18,595.4,0.19,6830.92,2843.49,2.0,Cancelled
FOO1300,Teresa Drake,West Anthony,Indiana,South,D,Type3,2023-09-18,12,701.46,0.25,4052.49,1140.34,2.3,Pending
FOO1301,Mindy Washington,Port Lauren,Florida,North,C,Type2,2024-09-05,7,589.82,0.24,123.3,2576.9,2.3,Cancelled
FOO1302,Christopher Nelson,Thorntonview,Ohio,West,B,Type2,2025-01-08,2,952.33,0.15,5739.65,734.02,4.3,Pending
FOO1303,Brittany Padilla,Lake Regina,Oregon,East,C,Type3,2026-04-22,3,594.64,0.01,4325.11,599.16,5.0,Cancelled
FOO1304,Billy Decker,East Ericachester,North Dakota,South,C,Type2,2024-11-06,6,590.43,0.23,6649.84,1665.13,1.3,Cancelled
FOO1305,Tyler Perez,North John,Virginia,West,A,Type1,2024-04-01,16,698.61,0.22,3757.67,2136.52,1.8,Completed
FOO1306,Warren Stephens,Loganburgh,South Carolina,West,B,Type2,2023-10-24,12,175.17,0.28,5484.18,3773.35,4.0,Completed
FOO1307,Juan Neal,East Renee,Oklahoma,East,D,Type3,2025-12-28,12,368.5,0.13,2635.51,4693.85,2.1,Pending
FOO1308,Kenneth Johnson,Johnsonhaven,Virginia,South,D,Type2,2024-07-14,13,670.61,0.19,6703.42,-312.92,3.7,Completed
FOO1309,Andrea Harvey,Thomasfurt,South Dakota,East,B,Type3,2023-11-15,2,292.99,0.18,1847.41,2106.12,2.1,Cancelled
FOO1310,Melissa Ward,Jonathanton,Mississippi,West,A,Type1,2025-03-02,17,545.99,0.13,7810.13,970.28,3.0,Pending
FOO1311,Janice Lam,East Kathleenfort,New Mexico,East,A,Type2,2023-07-22,5,580.61,0.17,1434.04,1977.75,2.7,Completed
FOO1312,Michael Mendoza,,Texas,North,C,Type3,2025-12-01,17,666.8,0.13,3221.42,1504.87,3.0,Cancelled
FOO1313,Darrell Hall,Sandersside,Kansas,South,B,Type1,2025-08-09,11,482.67,0.05,2765.35,1282.76,2.6,Cancelled
FOO1314,Mary Tyler,Thompsonhaven,New York,West,A,Type3,2025-08-30,16,293.84,0.16,5857.55,4112.24,2.2,Pending
FOO1315,Timothy Rodriguez,North Michelebury,Virginia,North,D,Type2,2026-01-14,11,966.7,,4112.87,4485.66,4.7,Cancelled
FOO1316,Mary Palmer,Mcgeeton,Nevada,West,D,Type3,2024-02-03,2,669.23,0.19,5917.89,4497.5,1.3,Completed
FOO1317,Jason Rogers,Lake Tara,Ohio,East,A,Type2,2025-10-13,7,187.17,0.23,2168.58,1470.01,3.8,Completed
FOO1318,Barbara Mendoza,New Andrewville,Illinois,West,C,Type3,2024-02-15,7,389.56,0.05,2919.68,688.63,4.3,Cancelled
FOO1319,Marcus Hunt,Coreychester,Oklahoma,South,D,Type2,2024-02-09,19,473.57,0.08,4560.01,3998.63,4.2,Cancelled
FOO1320,Frank Richmond,Jesseland,Alabama,West,B,Type1,2024-09-01,10,661.03,0.08,3946.51,3446.46,4.8,Cancelled
FOO1321,Danielle Brady,West Justinberg,Maine,East,C,Type1,2025-05-23,17,743.95,0.08,2156.9,4032.32,1.4,Completed
FOO1322,Douglas Cordova,Davisfurt,New Jersey,South,A,Type3,2023-09-22,6,977.79,0.24,490.09,4778.08,4.2,Completed
FOO1323,Joan Perez,Thomasview,South Carolina,North,D,Type3,2024-12-06,10,261.61,0.11,7362.59,-137.75,2.1,Pending
FOO1324,Ashley Brooks,Barbaramouth,Montana,North,D,Type1,2026-02-28,8,652.2,0.13,195.54,1723.45,3.3,Cancelled
FOO1325,Matthew Mccarthy,East Nancy,Kansas,South,B,Type2,2025-05-05,16,227.42,0.3,5254.8,4613.46,5.0,Completed
FOO1326,Sara Haas,North Laura,Delaware,North,A,Type2,2025-10-21,8,281.1,0.21,4838.18,4221.3,1.7,Cancelled
FOO1327,Melissa Roberts,Reedbury,Maryland,West,C,Type2,2025-02-09,3,68.7,0.08,8750.24,,4.7,Pending
FOO1328,Kimberly Petersen,Port Williamtown,South Dakota,North,B,Type3,2024-08-26,19,877.06,0.08,6966.66,2660.83,4.5,Pending
FOO1329,Jennifer Moore,Port Joseshire,New York,North,D,Type3,2024-01-19,3,957.63,0.0,305.63,4959.98,4.1,Completed
FOO1330,Abigail Wang,New Lisa,Kansas,South,D,Type3,2023-11-04,14,729.81,0.04,1085.5,2929.39,4.8,Pending
FOO1331,Jonathan Williams,Mcclureland,North Carolina,North,C,Type2,2024-01-18,2,476.42,0.18,7252.31,465.77,3.3,Cancelled
FOO1332,Chase Hernandez,North Eric,South Dakota,North,B,Type1,2026-05-17,9,692.34,0.3,2363.15,2960.79,2.7,Completed
FOO1333,Angela Williams,Richardfurt,Minnesota,North,B,Type1,2025-04-08,18,903.48,0.2,1376.05,4050.72,4.1,Completed
FOO1334,Sandy Stephens,Romeroview,Hawaii,North,C,Type2,2024-11-21,13,893.35,0.11,3719.01,-383.75,4.2,Completed
FOO1335,Joanne Vaughn,Englishstad,Minnesota,West,C,Type2,2024-03-06,5,166.15,0.28,9434.7,2741.71,1.1,Cancelled
FOO1336,Justin Wells,South Austinborough,Utah,North,A,Type1,2025-12-16,17,749.78,0.06,3941.93,276.39,4.8,Completed
FOO1337,David Smith,Gutierrezview,Kentucky,East,C,Type3,2025-10-09,15,120.09,0.16,6400.83,1036.63,1.8,Completed
FOO1338,Jill Lyons,Lynnhaven,Oklahoma,North,B,Type2,2024-05-06,5,888.0,0.24,2763.65,4087.88,3.8,Cancelled
FOO1339,Aaron Walsh,New Randychester,New York,East,B,Type3,2025-02-28,12,750.65,0.25,7777.7,3007.86,2.3,Pending
FOO1340,Mr. Aaron Molina,Teresafort,Alabama,West,B,Type1,2024-06-28,1,516.93,0.28,3827.52,3356.47,4.4,Pending
FOO1341,Robert Green,Thompsonburgh,Nebraska,West,C,Type1,2024-03-11,5,598.4,0.01,8495.06,66.41,2.3,Pending
FOO1342,Marissa Maldonado,East Angelaburgh,Colorado,South,B,Type3,2025-05-03,11,667.49,0.29,7420.01,1036.74,3.5,Pending
FOO1343,Ricky Ward,Hicksstad,Kentucky,West,B,Type2,2026-01-20,14,78.07,0.09,1212.85,122.48,3.8,Completed
FOO1344,Richard Chapman,West Jessica,California,East,C,Type1,2023-09-20,5,667.33,0.01,2521.98,2570.93,4.9,Pending
FOO1345,Lori Cruz,Lake Jamesbury,Mississippi,North,A,Type1,2023-10-28,7,48.0,0.3,2839.91,388.01,4.6,Cancelled
FOO1346,Andrew Robles,New Noahville,Vermont,East,D,Type1,2024-06-02,8,400.35,0.27,3102.91,-347.6,1.2,Cancelled
FOO1347,Jasmine Roberts,North Jamestown,Illinois,South,C,Type2,2025-05-08,5,234.7,0.05,7687.65,2460.86,2.8,Pending
FOO1348,Dennis Henderson,Port Caitlin,Georgia,North,C,Type3,2024-10-06,18,134.25,0.07,3443.13,3290.91,3.5,Cancelled
FOO1349,William Holden,Molinaland,Washington,West,B,Type3,2024-11-24,1,64.3,0.22,5551.57,1355.79,3.9,Cancelled
FOO1350,Samuel Shaw,,Maryland,North,B,Type3,2024-03-22,15,40.1,0.28,8298.69,4943.31,3.7,Cancelled
FOO1351,Jamie Schroeder,Kirbyborough,Virginia,South,A,Type3,2024-07-03,2,191.25,0.21,838.29,1556.92,2.8,Pending
FOO1352,Jessica Adams,Daniellefort,Washington,North,B,Type2,2026-05-08,17,363.24,0.09,3034.61,3421.62,2.7,Pending
FOO1353,Cheyenne Warren,North Jeromeside,Rhode Island,West,C,Type1,2023-12-29,1,253.77,0.18,9678.99,2219.99,2.0,Cancelled
FOO1354,Darrell Douglas,South Gregoryfurt,New Hampshire,South,C,Type2,2026-02-21,11,303.62,0.02,8820.8,3716.65,2.1,Completed
FOO1355,Teresa Wang,New Rogerstad,Indiana,West,D,Type1,2025-11-28,8,467.48,0.07,7935.18,4493.64,4.3,Cancelled
FOO1356,Holly Hays,New Shelleyview,North Dakota,North,A,Type2,2024-04-26,6,278.57,0.28,2205.14,4004.64,4.2,Cancelled
FOO1357,Daniel Bender,Charlottemouth,Delaware,North,B,Type3,2025-12-25,17,616.24,0.09,8317.6,3351.09,1.9,Pending
FOO1358,Miss Christina Wood,Lake Meredith,Ohio,West,D,Type2,2024-06-21,7,214.46,0.11,9597.5,3347.44,3.5,Pending
FOO1359,Matthew Chen,Port Dawn,Kentucky,South,A,Type1,2024-01-15,3,234.02,0.16,6414.82,2976.51,1.5,Cancelled
FOO1360,Kevin Lindsey,Natalieville,Nebraska,North,D,Type2,2024-05-26,9,261.46,0.09,1060.57,,2.6,Cancelled
FOO1361,Richard Wells,Port Bettyton,Kentucky,West,D,Type3,2025-04-30,19,937.14,0.04,9557.73,4694.91,1.6,Cancelled
FOO1362,Denise Berry,Theresamouth,Nebraska,South,C,Type2,2023-06-03,8,672.06,0.14,109.54,1602.87,4.8,Completed
FOO1363,Stephanie Morales,Morrisland,Pennsylvania,East,C,Type2,2026-02-16,3,329.6,0.01,7108.0,973.45,3.6,Cancelled
FOO1364,John Smith,Port Stephenshire,Washington,North,C,Type3,2023-08-24,12,735.5,0.11,4997.73,-13.32,2.3,Cancelled
FOO1365,Benjamin Burns,South Davidfurt,Louisiana,North,D,Type3,2023-07-06,17,835.24,0.08,4340.64,4189.09,2.1,Completed
FOO1366,Carolyn Jordan,Gayfurt,New Jersey,West,D,Type2,2026-03-10,5,926.1,0.19,8744.67,274.61,4.1,Completed
FOO1367,John Garner,Port Elizabethville,North Dakota,West,D,Type3,2026-03-31,16,87.18,0.05,3614.56,640.92,1.2,Cancelled
FOO1368,Brenda Bell,Garciahaven,Tennessee,North,B,Type1,2026-02-03,8,841.25,0.21,1406.8,4647.17,1.1,Cancelled
FOO1369,Deborah Smith,Zamorafort,Iowa,West,D,Type2,2023-09-23,2,843.62,0.12,2021.47,4430.34,3.4,Completed
FOO1370,Edward Hess,Adrianshire,Nevada,West,C,Type1,2023-09-01,9,821.19,0.15,2635.6,4832.12,3.4,Cancelled
FOO1371,Cathy Nelson,Washingtonhaven,Wyoming,West,C,Type3,2025-01-17,19,510.75,0.11,4413.48,986.76,3.7,Cancelled
FOO1372,Angela Gallegos,North Gina,Oklahoma,West,A,Type2,2023-10-16,1,900.71,0.04,2352.85,2453.95,1.5,Completed
FOO1373,Lisa Smith,East Mark,Alaska,East,B,Type3,2024-11-13,3,659.95,0.04,1115.46,1306.06,4.1,Cancelled
FOO1374,Alexandra Hernandez,Port Gary,Delaware,North,D,Type2,2023-09-26,17,398.56,0.05,1710.4,3882.34,4.3,Cancelled
FOO1375,Jamie Wallace,Salazarhaven,Georgia,West,A,Type3,2023-07-13,6,373.01,0.19,1707.99,1113.05,3.7,Completed
FOO1376,Sarah Barajas,Lopezburgh,Georgia,West,A,Type3,2024-11-02,15,766.81,0.09,9409.37,4896.44,2.6,Completed
FOO1377,Julie Owens,Theresaville,Washington,North,A,Type1,2025-12-07,14,852.13,0.19,3562.04,513.71,4.9,Pending
FOO1378,Jessica Taylor,Hernandeztown,Oklahoma,West,B,Type3,2023-11-12,6,231.99,0.06,4659.97,4903.02,2.5,Cancelled
FOO1379,Megan Green,Ayalaborough,New Jersey,East,D,Type3,2025-09-24,15,834.83,0.22,8157.19,1851.93,4.3,Pending
FOO1380,Suzanne Velasquez,Williamsmouth,Virginia,East,A,Type2,2023-12-30,9,667.18,0.07,5284.69,646.81,4.4,Completed
FOO1381,Laura Ramirez,,Tennessee,East,D,Type1,2024-12-10,12,691.69,0.26,1614.68,2139.92,1.8,Cancelled
FOO1382,Brooke Wells,South Shannonmouth,Missouri,East,B,Type1,2024-12-03,15,26.32,0.18,7983.48,4448.59,4.7,Completed
FOO1383,Anthony Wood,Miguelberg,Indiana,East,D,Type2,2024-10-07,13,713.19,0.1,6875.12,2702.24,3.8,Completed
FOO1384,Katie Williams,Mccarthyport,Georgia,South,A,Type1,2026-02-14,13,143.24,0.28,9574.67,1827.05,4.0,Cancelled
FOO1385,Kenneth Padilla,Wrightmouth,Delaware,East,C,Type2,2026-03-09,19,427.27,0.04,2729.9,750.92,4.7,Completed
FOO1386,Brandon Howard,South Jessica,Utah,East,C,Type3,2023-10-25,13,857.09,0.29,1682.19,1916.92,2.6,Cancelled
FOO1387,Kevin Chapman,East Eric,Vermont,North,C,Type2,2024-07-15,13,486.95,0.02,6358.38,1425.04,1.7,Pending
FOO1388,Jeanne Hart,Wardfurt,Florida,East,C,Type1,2024-11-30,17,825.09,0.17,1588.19,1798.08,4.4,Completed
FOO1389,Rachel Valenzuela,Mikeview,Pennsylvania,West,D,Type1,2023-06-09,3,911.04,0.24,8073.7,920.53,4.1,Cancelled
FOO1390,Krista Walker,Lake Brendaland,Minnesota,East,C,Type3,2024-12-07,14,988.81,0.23,4783.56,3178.2,3.4,Pending
FOO1391,Nicole Miller,West Julieshire,Georgia,East,A,Type1,2025-01-06,16,936.41,0.21,9718.8,3965.31,4.3,Cancelled
FOO1392,Kimberly Rodriguez,Gordonport,Vermont,South,C,Type1,2025-06-15,16,897.36,0.01,1818.48,-288.05,3.8,Completed
FOO1393,Jose Payne,Lake Lynn,Kentucky,West,C,Type1,2024-06-26,14,463.73,0.1,7611.38,2605.53,1.1,Completed
FOO1394,Rhonda Smith,Lake Kathleenland,New York,East,A,Type2,2024-10-29,3,816.82,0.09,2453.47,2105.8,2.0,Cancelled
FOO1395,Anthony Price,South Tonyaborough,Pennsylvania,East,C,Type1,2024-04-02,16,588.89,0.02,3589.75,298.96,3.5,Pending
FOO1396,Paul Newman,Port Markbury,Vermont,North,B,Type1,2024-05-16,9,520.94,0.23,4620.53,780.62,4.0,Cancelled
FOO1397,Amanda Brown,Woodfort,Mississippi,South,B,Type3,2024-08-19,3,270.13,0.07,2871.74,1320.9,2.0,Pending
FOO1398,Teresa Miller,Baileyshire,West Virginia,West,D,Type1,2025-07-21,7,36.33,0.29,7497.74,2434.39,1.2,Pending
FOO1399,Scott Freeman,Flemingview,Nebraska,East,A,Type2,2023-09-19,2,976.82,0.2,3626.48,424.04,1.1,Completed
FOO1400,Daniel Reed,Lake Brooke,Rhode Island,South,C,Type3,2026-01-10,6,392.78,0.19,4185.31,4405.3,2.1,Completed
FOO1401,Anthony Le,Lake Toddstad,Colorado,West,C,Type1,2025-03-10,18,625.31,0.03,5597.88,1829.78,3.4,Completed
FOO1402,Scott Ramos,Amyville,Georgia,West,A,Type2,2025-03-06,10,516.02,0.06,6013.23,4028.98,4.1,Completed
FOO1403,Christopher Roach,North Cheryl,Michigan,West,C,Type3,2025-12-20,14,748.01,0.1,6245.69,2057.36,2.4,Cancelled
FOO1404,Brandon Haney,Port Cindymouth,New York,West,A,Type1,2024-04-26,18,245.75,0.08,6546.82,4780.12,2.4,Cancelled
FOO1405,Brittany Cantu,New James,Oklahoma,South,B,Type2,2023-09-18,7,238.66,0.09,5580.05,4098.47,4.7,Completed
FOO1406,Mary Moss,South Sarahport,Texas,North,B,Type3,2025-07-28,4,482.14,0.09,5615.54,4479.79,1.1,Completed
FOO1407,Jessica Lopez,North Sean,Tennessee,East,B,Type1,2024-02-03,16,32.28,0.21,5781.05,963.54,1.5,Pending
FOO1408,Brandon Morales,North Pamela,Hawaii,East,C,Type3,2024-12-15,14,699.09,0.2,9369.6,3987.89,3.4,Cancelled
FOO1409,Jamie Hunt,Alexanderside,Wisconsin,South,A,Type3,2023-07-21,7,825.11,0.0,1879.05,,4.9,Completed
FOO1410,Cassie Bailey,Moodyport,Massachusetts,East,C,Type1,2025-01-12,10,768.38,0.05,5819.04,2370.74,1.7,Pending
FOO1411,Amy Delgado,West Timothyview,Idaho,East,A,Type2,2023-10-26,19,955.43,0.23,9938.08,2415.15,1.9,Completed
FOO1412,Amy Davis,Johnsonstad,West Virginia,North,A,Type3,2023-12-07,10,410.78,0.17,9543.15,2142.56,2.7,Completed
FOO1413,Ashley Patterson,North Justin,Colorado,West,A,Type2,2025-10-05,1,159.05,0.1,7859.94,1577.3,3.9,Completed
FOO1414,Ashley Johnson,West Ericborough,Iowa,South,A,Type2,2025-05-19,1,918.39,0.26,3038.69,4214.03,2.1,Completed
FOO1415,Joseph Crawford,Stevenmouth,California,South,A,Type2,2026-04-14,4,372.68,,7893.53,374.22,3.1,Pending
FOO1416,Virginia Manning,North Jamesport,New Hampshire,North,A,Type3,2025-04-26,11,867.6,0.17,9890.59,4776.4,3.1,Completed
FOO1417,Maria Jimenez,Port Alyssaton,California,North,C,Type2,2023-10-23,2,570.2,0.23,8523.0,1684.95,3.1,Cancelled
FOO1418,Nathan Jackson,Lake Alisonberg,Alabama,South,A,Type2,2024-04-08,3,688.05,0.15,2478.12,1781.97,4.0,Cancelled
FOO1419,Thomas Jones,Jamesmouth,Florida,West,C,Type1,2024-08-06,3,773.35,0.04,4740.36,2838.3,2.3,Cancelled
FOO1420,Amanda Bell,Ricardoview,Missouri,North,C,Type2,2025-09-14,6,474.13,0.05,6814.24,553.55,2.5,Cancelled
FOO1421,Brandon Green,Bookerchester,Florida,West,B,Type2,2024-12-03,7,420.03,0.25,836.29,-20.52,4.2,Pending
FOO1422,Brooke Cole,Samuelside,Wisconsin,East,A,Type2,2026-03-20,9,708.87,0.24,9485.63,4559.44,2.0,Pending
FOO1423,Vanessa Steele,Emilychester,Delaware,North,D,Type1,2023-06-02,8,197.69,0.01,3507.63,3879.02,3.6,Cancelled
FOO1424,Shawn Garrett,East Scottton,Tennessee,West,C,Type1,2023-09-22,9,754.17,0.17,5185.97,298.84,4.8,Completed
FOO1425,Kimberly Montgomery,Hernandezport,Idaho,South,C,Type2,2025-05-12,15,645.25,0.12,6230.67,3309.02,3.3,Completed
FOO1426,Christina Hensley,Port Dennis,Massachusetts,East,A,Type1,2024-05-08,5,571.72,0.03,2278.11,4354.67,4.2,Pending
FOO1427,Christopher Thomas,North Gabrielshire,California,East,A,Type3,2023-09-16,16,860.76,0.15,2951.65,4558.67,4.5,Cancelled
FOO1428,Jamie Jackson,Adrianberg,Ohio,East,A,Type1,2024-09-15,19,832.15,0.28,3590.51,3982.56,3.9,Cancelled
FOO1429,Sherry Kline,Brittanyland,New Jersey,West,D,Type3,2025-08-21,9,355.34,0.14,7353.67,2390.99,1.4,Cancelled
FOO1430,Kristin Quinn,Brooksfort,Rhode Island,West,B,Type1,2024-09-06,9,338.09,0.18,8107.37,752.39,2.0,Pending
FOO1431,Michael Long,Mcfarlandfurt,Wyoming,West,C,Type1,2024-01-04,3,290.09,0.27,7506.78,660.81,3.5,Pending
FOO1432,Alexander Fleming,North Lisaborough,Wisconsin,North,C,Type1,2025-12-10,17,562.16,0.06,8824.9,2361.01,4.3,Completed
FOO1433,Evelyn Schmidt,West Kirk,New Mexico,North,A,Type1,2025-03-12,11,294.3,0.13,290.35,2289.75,1.1,Cancelled
FOO1434,Amanda Chavez,West Alexandrafort,Massachusetts,East,D,Type3,2025-10-23,8,396.09,0.07,2460.0,1567.46,4.6,Pending
FOO1435,Zachary Morris,Lake Christina,Alabama,East,B,Type3,2026-04-08,7,351.24,0.3,7182.79,-279.86,3.0,Pending
FOO1436,Nancy Roberts,Markbury,New York,West,D,Type1,2023-12-18,16,218.27,0.01,6155.94,3133.23,3.1,Completed
FOO1437,Jamie Romero,Simmonsburgh,Michigan,South,B,Type2,2024-01-20,8,895.17,0.25,9589.43,1617.1,3.1,Cancelled
FOO1438,Rose Moore,Port Charlesport,Nevada,West,C,Type1,2025-11-20,9,431.71,0.12,3175.36,2050.39,4.2,Pending
FOO1439,Danielle Carter,Lake Todd,Wyoming,South,C,Type3,2025-08-18,9,490.19,0.29,2943.04,4896.48,1.7,Cancelled
FOO1440,Tyler Greene,New Nathan,Pennsylvania,East,C,Type2,2024-04-07,17,660.82,0.14,9709.78,2736.9,2.3,Completed
FOO1441,Tristan Brooks,South Karl,New Mexico,South,C,Type1,2025-04-06,12,690.81,0.19,7300.82,4215.83,3.1,Cancelled
FOO1442,Sherry Jones,Williamshaven,Idaho,East,D,Type1,2024-03-15,18,138.06,0.17,6539.53,2008.33,2.1,Completed
FOO1443,Thomas Kim,East Yesenia,Louisiana,South,C,Type1,2024-11-23,3,165.18,0.03,5509.32,4676.12,2.5,Completed
FOO1444,Justin Lucas,East Kimberlyview,Illinois,South,B,Type1,2025-10-12,15,933.49,0.28,1882.93,-27.66,3.6,Cancelled
FOO1445,Taylor Cantrell,East Brentton,Illinois,East,C,Type3,2025-03-16,19,542.42,0.19,8215.14,2237.71,1.1,Pending
FOO1446,Darren Dougherty,West Craigfurt,Minnesota,South,D,Type3,2025-11-25,8,458.26,0.09,5599.95,8.15,2.6,Pending
FOO1447,Holly Mcdonald,Mooremouth,Indiana,West,D,Type1,2023-11-13,9,716.85,0.1,3775.99,4174.53,1.1,Cancelled
FOO1448,Kimberly Morton,Walkerborough,Illinois,North,B,Type2,2023-10-30,1,584.4,0.01,2069.86,3397.38,2.1,Cancelled
FOO1449,Eric Johnson,Rodriguezmouth,South Dakota,North,C,Type3,2023-09-09,5,342.54,0.07,472.55,-152.55,4.9,Completed
FOO1450,Ashley Proctor,Ritamouth,Arkansas,East,C,Type3,2025-04-07,7,523.34,0.13,9769.38,4162.51,1.5,Completed
FOO1451,Roger French,Moralesberg,Illinois,South,C,Type2,2025-09-27,13,220.82,0.08,6608.37,1763.85,4.9,Completed
FOO1452,Jennifer Davis,Port Catherinestad,Indiana,East,D,Type1,2023-10-26,9,665.76,0.06,7803.57,-64.16,3.6,Cancelled
FOO1453,Dawn Hill,Laurenton,Wyoming,North,B,Type3,2023-07-08,8,501.97,0.18,7707.46,1067.38,1.3,Cancelled
FOO1454,Lawrence Torres,West Timmouth,North Carolina,South,B,Type3,2023-10-09,2,687.02,0.17,1624.48,4396.57,1.5,Pending
FOO1455,Justin Ward,Port Kimberly,Nebraska,West,A,Type3,2024-09-29,7,644.1,0.27,9797.45,4383.81,2.9,Cancelled
FOO1456,Robert Martin,Donnastad,Arkansas,South,C,Type1,2024-04-08,14,500.85,0.16,8914.54,-240.12,3.1,Completed
FOO1457,Richard Garcia,Bryanburgh,Pennsylvania,West,A,Type3,2024-09-29,12,787.89,0.17,6806.6,1555.93,3.4,Cancelled
FOO1458,Michael Reilly,Lake Alexandertown,Louisiana,South,A,Type1,2025-11-06,17,752.72,0.08,6536.32,3028.32,2.1,Cancelled
FOO1459,Jessica Nguyen,Port Adrianaton,Vermont,East,A,Type2,2026-03-09,2,395.03,0.27,4570.39,4328.41,4.0,Cancelled
FOO1460,Judith Hughes,North Larryshire,Mississippi,West,D,Type1,2024-01-10,4,579.59,0.29,6543.16,3990.33,1.0,Cancelled
FOO1461,Justin Williams,East Adamton,South Carolina,North,A,Type1,2023-08-12,3,763.87,0.15,5482.74,2267.23,2.0,Pending
FOO1462,Sue Rogers,Bergerside,Iowa,South,A,Type1,2024-12-30,8,835.95,0.02,2101.33,432.17,2.0,Pending
FOO1463,Michael Fox,East Katherineview,Montana,North,B,Type2,2024-01-14,17,494.95,0.08,5339.11,192.25,1.4,Pending
FOO1464,Charles Fitzgerald,Port Jessica,Oregon,North,D,Type3,2026-01-16,7,819.94,0.0,7766.53,647.12,2.4,Completed
FOO1465,Jerry James,Millertown,Indiana,East,C,Type3,2026-05-06,12,234.08,0.06,1170.78,1515.23,4.1,Cancelled
FOO1466,Richard Mcgee,Robersonshire,Kansas,North,D,Type2,2023-09-10,6,17.11,0.0,6018.22,710.52,1.9,Completed
FOO1467,Anthony Peterson,Brittanyport,Kansas,East,D,Type1,2024-10-05,15,76.62,0.19,8301.33,2919.28,2.6,Cancelled
FOO1468,Karen Miller,North Daniel,Alabama,West,D,Type3,2025-03-02,4,889.18,0.25,3055.72,4288.68,2.4,Completed
FOO1469,Julie Lee,Floreshaven,New Mexico,East,D,Type2,2026-05-04,7,232.89,0.26,3676.65,2248.17,3.4,Completed
FOO1470,Aaron Bullock,Burgesshaven,Iowa,South,D,Type2,2023-08-25,9,429.31,0.08,7291.09,1842.69,3.1,Pending
FOO1471,Tanya Mata,Jasonside,Louisiana,West,A,Type2,2024-12-08,4,522.93,0.17,3211.71,-280.09,2.4,Pending
FOO1472,Justin Grant,Richardshaven,North Dakota,North,B,Type2,2026-03-20,5,13.46,0.21,2122.86,4141.74,3.9,Completed
FOO1473,Angela Figueroa,Michelleberg,Michigan,East,A,Type2,2025-09-20,3,955.91,0.22,1690.46,4807.66,1.7,Completed
FOO1474,Patricia Green,Gordonberg,Arizona,East,B,Type1,2023-10-04,1,304.34,0.01,6640.37,4082.26,1.6,Cancelled
FOO1475,Mary Turner,Petersonmouth,Louisiana,West,D,Type3,2023-07-04,11,713.83,0.07,2807.3,4791.73,3.1,Completed
FOO1476,Oscar Williams,Johnsonport,New York,North,D,Type3,2025-01-02,14,641.78,0.11,4961.11,4330.32,1.8,Cancelled
FOO1477,Jasmine Ramirez,South Hannahborough,New Mexico,South,B,Type2,2024-06-19,18,839.89,0.08,8452.43,684.06,2.1,Cancelled
FOO1478,Pamela Brown,North Kylechester,Rhode Island,North,D,Type1,2023-11-01,7,989.2,0.23,8481.5,3137.69,2.2,Cancelled
FOO1479,Jimmy Mann,South Mistyshire,North Carolina,West,D,Type3,2024-02-25,17,423.08,0.05,9702.78,2431.81,2.6,Completed
FOO1480,Michelle Hall,Corytown,Tennessee,South,C,Type2,2024-04-18,6,796.33,0.28,6390.9,569.25,4.6,Cancelled
FOO1481,Mrs. Monica Sanchez,Elizabethshire,Alabama,West,C,Type3,2025-04-10,2,457.13,0.26,7296.72,4126.29,2.3,Pending
FOO1482,Jasmine Walker,South Elijahmouth,Delaware,East,C,Type3,2023-12-11,14,781.05,0.16,8726.93,4287.88,2.9,Pending
FOO1483,Christopher Baker,Veronicatown,Montana,West,D,Type2,2024-02-26,5,44.47,0.25,7384.63,685.64,3.5,Cancelled
FOO1484,Brandon Murray,Justinfort,Maryland,South,C,Type1,2024-02-16,8,166.7,0.12,6665.19,2496.17,4.9,Pending
FOO1485,Daniel Fernandez,Lake Melissa,Nevada,South,B,Type3,2023-09-30,13,267.16,0.05,2523.39,-236.14,1.3,Pending
FOO1486,Sarah Berger,Morrismouth,Virginia,South,A,Type2,2025-01-17,17,384.4,0.09,5046.93,699.42,1.1,Completed
FOO1487,Jasmine Randall,South Lindseyburgh,Virginia,North,B,Type3,2024-10-02,19,555.44,0.0,8011.92,2170.62,3.1,Pending
FOO1488,Mark Rosario,Garciaton,Idaho,North,D,Type1,2026-03-19,5,973.72,0.29,2688.92,4745.99,1.8,Completed
FOO1489,Amanda Garrett,Davisfurt,Kentucky,West,D,Type1,2024-04-27,16,360.14,0.23,1670.43,1807.19,1.9,Cancelled
FOO1490,Brenda King,East Ericburgh,Hawaii,North,D,Type1,2024-09-27,10,246.54,0.0,5048.69,179.9,4.4,Cancelled
FOO1491,Ricky Dyer,Port Andrea,Montana,North,A,Type1,2023-10-18,1,394.8,0.25,8672.98,724.55,3.1,Completed
FOO1492,Stanley Carpenter,Jeffreyport,Arizona,South,A,Type1,2025-01-10,7,717.18,0.05,7874.64,2955.91,1.5,Completed
FOO1493,Brian Ross,Ericchester,New Jersey,West,D,Type1,2025-10-19,13,193.06,0.28,1432.73,4607.02,4.3,Cancelled
FOO1494,Margaret Olsen,Derekberg,Virginia,East,B,Type3,2024-10-01,18,865.99,0.06,2595.27,4278.48,1.9,Completed
FOO1495,Michele Beasley,South Kimberlytown,Colorado,South,C,Type3,2025-05-06,18,918.11,0.06,9298.05,4134.2,4.5,Cancelled
FOO1496,Melissa Gibbs,West Jordanmouth,Pennsylvania,West,B,Type2,2026-02-28,18,385.92,0.28,8817.75,-279.63,4.5,Pending
FOO1497,Nancy Roberts,North Patricia,Virginia,East,C,Type1,2026-03-21,15,377.65,0.15,8621.58,2730.26,2.8,Pending
FOO1498,Brandon Jordan,Johnathanborough,Kentucky,North,B,Type1,2024-12-24,19,630.13,0.03,2556.06,2042.13,2.4,Cancelled
FOO1499,Kevin Benson,Perryport,Oregon,South,B,Type2,2024-03-29,10,145.3,0.17,6199.99,2523.66,4.2,Cancelled
FOO1500,Aaron Carter,Port Sandramouth,Hawaii,South,B,Type2,2024-02-03,13,573.43,0.18,4604.13,-491.68,4.8,Cancelled
FOO1501,Alex Ponce,East Moniqueborough,Oklahoma,South,D,Type2,2024-08-01,9,162.49,0.2,6855.23,2206.88,1.0,Completed
FOO1502,Robert Patterson,Clarkside,Utah,East,B,Type3,2026-04-11,7,645.8,0.13,8037.11,4758.57,2.3,Completed
FOO1503,Anthony Cisneros,New Jacquelineville,Georgia,South,A,Type1,2023-06-19,12,863.65,0.23,3308.41,1892.66,4.5,Completed
FOO1504,Kimberly Fleming,Lake Gregoryside,Nevada,South,D,Type2,2025-07-26,6,10.47,0.21,556.34,1517.3,3.5,Cancelled
FOO1505,Sheila Herman,Duncanfort,North Dakota,East,B,Type3,2026-01-08,7,357.11,0.0,1308.09,4908.95,2.2,Completed
FOO1506,Paula Jones,Natalieburgh,Oklahoma,East,D,Type1,2024-06-19,16,688.84,0.12,8493.52,3013.67,2.0,Pending
FOO1507,Mark Lee,Port Daniel,Tennessee,East,C,Type1,2024-03-19,16,432.89,0.11,7094.4,1623.17,1.1,Cancelled
FOO1508,Mrs. Tara Jordan,New Howardberg,New York,West,B,Type2,2023-12-15,12,473.58,0.29,9336.98,2404.0,4.5,Cancelled
FOO1509,Tina Manning,Lake Andreamouth,Nebraska,South,D,Type2,2026-04-27,6,623.49,0.01,8057.03,1280.04,2.2,Completed
FOO1510,Amy Buckley,Vazquezfurt,Massachusetts,South,B,Type1,2026-05-22,3,528.08,0.08,3847.4,2911.4,3.0,Pending
FOO1511,Tara Moran,West Kimberlybury,Wyoming,East,D,Type3,2023-10-28,14,361.72,0.03,5370.64,3305.48,2.0,Pending
FOO1512,Mia Galvan,East Laurenmouth,Wisconsin,West,C,Type3,2024-02-17,15,428.43,0.0,5376.44,2815.33,3.9,Cancelled
FOO1513,Teresa French DDS,Mistyfort,Michigan,North,A,Type1,2026-04-10,2,534.16,0.18,1076.01,1166.26,2.5,Cancelled
FOO1514,Eric Cain,Lake Sandraland,Oklahoma,West,B,Type3,2025-09-29,13,883.21,0.22,5067.48,4023.99,5.0,Completed
FOO1515,Ralph Coleman,South Courtneyshire,South Dakota,East,A,Type2,2023-11-10,18,996.48,0.11,1336.93,4271.97,1.1,Pending
FOO1516,Alvin Jensen,Newmanhaven,Texas,North,C,Type1,2023-07-03,15,198.78,0.26,3306.19,3322.52,4.6,Completed
FOO1517,Robin Howard DVM,Bradleyborough,Vermont,West,D,Type1,2024-04-16,18,620.38,0.01,9618.75,-51.35,2.5,Cancelled
FOO1518,David Ruiz,North Adam,Kentucky,North,B,Type2,2024-04-08,1,310.37,0.14,2038.35,1244.1,1.5,Completed
FOO1519,Natalie Collins,Bryanside,Connecticut,East,A,Type2,2025-06-20,7,639.91,0.25,2852.1,2310.76,4.0,Cancelled
FOO1520,James Montgomery MD,Bellberg,Wisconsin,East,D,Type2,2025-05-16,1,770.57,0.25,2101.2,4414.96,2.8,Completed
FOO1521,Samantha Ryan,Russellborough,Indiana,East,A,Type2,2024-11-25,3,882.44,0.16,5785.77,1056.72,4.6,Pending
FOO1522,Kenneth Ingram,New Carol,Kentucky,West,B,Type2,2023-08-07,14,461.82,0.29,8648.36,1185.55,3.9,Pending
FOO1523,Angela Davis DVM,South Andrea,New Hampshire,North,C,Type1,2025-07-24,17,502.86,0.01,7755.56,16.83,4.6,Pending
FOO1524,Kathryn Mills,Sarahborough,Connecticut,South,D,Type3,2026-03-16,8,208.24,0.25,8205.11,3385.6,1.7,Completed
FOO1525,Sabrina Herrera DVM,Whiteborough,Tennessee,West,D,Type2,2025-10-18,3,275.54,0.27,1662.44,2703.4,1.3,Completed
FOO1526,Lindsey Castillo,North Thomas,South Carolina,North,C,Type2,2024-08-20,12,105.85,0.15,7682.93,4653.04,4.4,Pending
FOO1527,Marie Martin,East Debraview,Arkansas,East,C,Type1,2025-05-25,5,942.77,0.21,1397.51,4938.32,1.1,Cancelled
FOO1528,Zachary Carter,Garciamouth,Oklahoma,West,A,Type1,2026-03-19,4,419.81,0.18,3628.08,42.62,4.3,Cancelled
FOO1529,Emily Horne,Elizabethborough,Massachusetts,East,D,Type2,2024-08-11,18,255.45,0.06,1335.59,1066.25,4.2,Completed
FOO1530,Charles Bridges,Brianside,Iowa,North,C,Type3,2024-04-08,6,920.29,0.16,9658.56,733.92,4.0,Cancelled
FOO1531,Bryan Hart,North Christian,Wyoming,North,C,Type2,2024-04-28,11,580.84,0.11,3006.77,2913.66,4.3,Cancelled
FOO1532,Brian Rangel,North Jaime,South Dakota,East,B,Type3,2025-10-13,6,629.12,0.23,2826.52,731.61,4.8,Completed
FOO1533,William Davis,Christopherside,Illinois,South,B,Type3,2024-02-21,3,685.1,0.25,9353.48,4643.12,3.4,Completed
FOO1534,James Williams,West Ianland,Vermont,East,C,Type3,2023-07-09,19,543.22,0.17,8356.96,3062.05,4.8,Pending
FOO1535,Rachel Olson,Port Melissamouth,Tennessee,South,A,Type2,2024-02-15,7,854.41,0.14,4659.62,2192.77,3.7,Cancelled
FOO1536,Kelly Davis,Beverlyfort,Utah,East,A,Type3,2023-08-14,9,405.77,0.21,2833.81,3176.91,3.0,Pending
FOO1537,Nathaniel Ware,Steventon,Missouri,East,B,Type3,2023-08-10,12,549.56,0.1,3068.17,4907.49,2.9,Completed
FOO1538,Stephanie Vaughn,Sarahburgh,Oklahoma,West,B,Type3,2025-04-15,9,617.65,0.15,2174.69,1993.88,3.2,Cancelled
FOO1539,Ashley Thomas,Michaelberg,Montana,East,D,Type3,2024-07-09,9,612.83,0.03,5908.1,1359.7,4.7,Pending
FOO1540,Alexander Wilkins,East Williamview,Florida,South,C,Type3,2023-10-04,15,121.44,0.22,1279.71,1319.65,3.0,Cancelled
FOO1541,Anthony Boyer,South Samuelmouth,Oregon,South,D,Type2,2024-05-11,2,696.27,0.05,1355.73,902.44,2.0,Completed
FOO1542,Lisa Garcia,Lake Joshua,Pennsylvania,South,B,Type2,2025-09-21,12,628.59,0.19,1794.33,1991.87,1.2,Pending
FOO1543,Anthony Sheppard,North Rachael,Louisiana,East,C,Type3,2024-03-07,5,572.29,0.26,951.4,3182.26,1.3,Completed
FOO1544,Hailey Rivera,Lake Michael,Massachusetts,West,A,Type1,2026-02-14,10,507.67,0.03,6921.07,4736.78,4.4,Completed
FOO1545,Tyler Clark,Sandraburgh,North Carolina,North,D,Type2,2024-03-12,6,571.04,0.26,508.07,1178.14,3.2,Completed
FOO1546,Roy Jimenez,New Patricia,Arizona,West,D,Type3,2024-06-30,4,113.31,0.22,1280.58,1452.59,4.3,Cancelled
FOO1547,Christina Boyer,Rodriguezton,West Virginia,West,D,Type3,2025-02-18,12,454.28,0.12,6633.09,4815.24,3.1,Cancelled
FOO1548,Carol Joseph,North Paul,Oregon,East,B,Type3,2024-08-24,1,515.75,0.17,8748.28,-174.31,2.0,Pending
FOO1549,Grant Harris,East Dawn,Minnesota,South,A,Type3,2025-07-17,19,953.76,0.11,2527.34,4922.84,4.5,Cancelled
FOO1550,Maria Martinez,Sheltonport,New Hampshire,East,D,Type1,2025-03-16,7,275.87,,9097.77,1451.09,2.9,Cancelled
FOO1551,Ryan Williams,Lake Anna,Pennsylvania,East,C,Type2,2025-10-23,7,862.93,0.1,2247.08,2882.2,1.4,Completed
FOO1552,Joanna Mcmahon,Port Williamview,New Mexico,North,D,Type3,2023-10-17,1,987.12,0.11,7830.55,,4.4,Cancelled
FOO1553,Amber Ramirez,New Alexiston,Missouri,East,C,Type1,2024-01-21,1,373.03,0.25,7739.86,1762.79,4.8,Completed
FOO1554,Melinda Martin,Port Morganside,Alabama,West,A,Type2,2025-05-17,7,866.66,0.02,4631.14,705.87,5.0,Cancelled
FOO1555,Carol Dean,Andrewfurt,West Virginia,West,C,Type3,2026-01-30,11,691.86,0.13,458.04,340.0,3.3,Completed
FOO1556,Paul Carter,Saraland,New Jersey,South,C,Type2,2024-09-08,7,881.63,0.22,5916.85,4850.01,4.2,Pending
FOO1557,Heather Davis,South Stacey,Connecticut,West,A,Type2,2023-06-13,11,822.76,0.04,2933.08,,3.5,Completed
FOO1558,Kaitlyn Love,West Evanshire,Pennsylvania,West,B,Type3,2024-11-09,15,465.32,0.2,6657.19,-42.56,2.9,Pending
FOO1559,Daniel Lozano,Andersonview,Illinois,South,D,Type1,2024-03-10,2,807.26,0.23,5107.39,1106.67,5.0,Pending
FOO1560,Jennifer Cruz,Carrieland,Illinois,North,C,Type3,2025-02-13,9,683.39,0.21,3136.49,3952.26,3.3,Cancelled
FOO1561,Shannon James,New Carolyn,Kentucky,South,A,Type3,2025-07-07,18,810.42,0.19,4299.54,2263.0,2.4,Cancelled
FOO1562,Shelley Nielsen,North Sarah,Wyoming,West,A,Type2,2025-10-11,19,607.67,0.24,4883.39,3434.12,2.6,Cancelled
FOO1563,Michael Trevino,Wellsville,Mississippi,West,D,Type3,2024-10-17,11,681.07,0.2,2300.06,-44.66,4.4,Cancelled
FOO1564,Christopher Moses,New Anthonymouth,New Jersey,North,A,Type1,2025-05-28,13,29.37,0.3,5058.15,1626.54,2.3,Pending
FOO1565,Ruben Parsons,Jessicabury,Tennessee,East,C,Type2,2023-06-13,7,309.35,0.03,9629.2,,4.6,Completed
FOO1566,Michael Kent MD,Lake Michael,Pennsylvania,North,C,Type3,2023-11-05,17,714.18,0.22,7547.04,2095.6,3.7,Completed
FOO1567,David Wood,Lake Kelseyburgh,Maryland,North,D,Type1,2024-11-24,9,643.54,0.04,8267.32,889.24,1.1,Completed
FOO1568,Brian Hendricks,,New Hampshire,East,A,Type2,2025-03-11,1,703.47,0.26,214.5,-279.59,3.6,Pending
FOO1569,Ashley Clements,,Illinois,West,C,Type2,2025-08-13,5,236.52,0.26,5768.43,2365.9,2.7,Cancelled
FOO1570,Anna Odom,North Kim,Washington,East,D,Type3,2023-11-02,10,398.51,0.01,3113.42,3357.4,2.1,Pending
FOO1571,Brooke Murphy,Lake Michaelville,Michigan,North,D,Type1,2025-12-20,4,634.99,0.08,7132.28,1929.83,2.2,Pending
FOO1572,Jeffrey Russell,New Regina,Connecticut,West,A,Type1,2024-04-30,3,711.55,0.01,5620.87,228.6,3.4,Completed
FOO1573,Eric Arnold,Michelleport,North Carolina,North,B,Type3,2026-02-01,14,567.88,0.17,7900.66,2352.01,4.6,Pending
FOO1574,Michelle Fritz,Andrestad,Kansas,West,B,Type2,2023-11-25,1,62.29,0.24,1709.29,1938.94,1.3,Pending
FOO1575,Patrick Gutierrez,East Nicholasstad,Utah,South,D,Type2,2024-09-27,2,110.9,0.11,9534.15,4109.13,2.2,Completed
FOO1576,Cory Rivera,Port Sherylmouth,Washington,West,B,Type2,2025-07-07,19,755.27,0.2,4948.34,4060.08,1.4,Cancelled
FOO1577,Charles Martinez,Port Victoriamouth,North Dakota,North,D,Type1,2024-06-09,7,314.34,0.18,1692.9,1462.08,2.7,Cancelled
FOO1578,Charles Porter,Reginafurt,Kansas,East,B,Type1,2025-02-21,3,79.51,0.06,6729.77,1772.86,4.8,Cancelled
FOO1579,Leslie Collier,Jacobside,Virginia,West,C,Type2,2023-07-18,9,607.09,0.06,8448.33,652.15,4.1,Pending
FOO1580,Amy Barber,Williamland,Arkansas,East,D,Type3,2025-05-07,12,677.11,0.24,8387.24,976.65,4.7,Completed
FOO1581,Wendy Velez,New Elizabethchester,Delaware,South,D,Type1,2025-05-25,9,838.18,0.09,4724.25,3940.89,4.5,Pending
FOO1582,Shawn Alvarado,South Michellechester,Florida,East,C,Type1,2026-01-12,1,453.8,0.21,7302.06,4702.79,2.7,Completed
FOO1583,Shelly Hartman,Hernandezbury,New Jersey,East,D,Type2,2024-10-14,19,868.03,0.28,7919.73,4122.89,3.5,Completed
FOO1584,Andrea Richard,Madisonfort,North Carolina,South,C,Type1,2025-11-08,4,435.68,0.15,2272.23,1173.06,3.4,Pending
FOO1585,Steven Mayer,Christineborough,Michigan,North,B,Type3,2024-11-16,14,499.6,0.14,9900.73,2932.33,1.6,Cancelled
FOO1586,Olivia Dean,Port Andrewfurt,Maine,West,D,Type1,2025-03-09,14,864.72,0.25,2141.75,2382.09,3.2,Cancelled
FOO1587,Angela King,Martinville,Oklahoma,East,C,Type2,2024-11-01,14,565.91,0.16,1385.54,2700.78,3.3,Completed
FOO1588,Timothy Sanchez,Lake Joshua,Minnesota,South,B,Type2,2024-02-21,11,308.27,0.07,8023.95,360.16,4.0,Cancelled
FOO1589,Laura Wolfe,Howardside,New Jersey,North,A,Type3,2024-01-26,15,243.69,0.01,8954.56,4300.36,1.1,Completed
FOO1590,Joshua Aguilar,West Jonmouth,Arizona,North,C,Type1,2025-03-20,13,833.24,0.0,4563.03,2425.94,2.9,Completed
FOO1591,Ruth Green,Port Brittany,Kentucky,North,C,Type1,2023-08-03,12,744.89,0.0,5814.27,1915.49,4.6,Cancelled
FOO1592,Megan Foster,Kevinbury,Hawaii,North,D,Type3,2024-09-08,11,836.1,0.11,790.88,2488.15,2.4,Cancelled
FOO1593,Jay Barrett,New Samanthafurt,Ohio,South,A,Type1,2024-01-01,11,956.84,0.26,4417.5,3486.64,3.1,Completed
FOO1594,Cody Ayers,Vanessaberg,New York,East,D,Type3,2024-04-20,17,503.33,0.22,6809.37,2667.08,3.2,Completed
FOO1595,Samantha Davenport,West Janet,Pennsylvania,East,D,Type3,2023-09-03,17,918.2,0.2,8899.53,3263.35,3.5,Pending
FOO1596,Mary Bowman,North Shannon,Tennessee,East,C,Type2,2024-09-02,15,195.78,0.28,3394.57,,3.1,Cancelled
FOO1597,Jeffrey Williams,Michaelside,Georgia,South,A,Type3,2023-10-30,3,295.2,0.18,5433.0,1160.85,3.7,Pending
FOO1598,Gabrielle Farmer,East Aaronville,Delaware,North,D,Type1,2024-07-26,11,253.23,0.18,773.4,2350.87,4.2,Pending
FOO1599,Amanda Noble,Port Lisaton,California,North,D,Type1,2024-05-14,3,271.06,0.16,1698.02,3476.38,3.7,Completed
FOO1600,Sheryl Mckinney,Millershire,Idaho,South,D,Type1,2023-08-17,11,485.04,0.06,1440.7,2913.15,2.9,Pending
FOO1601,Allison Davis,North Janestad,Missouri,North,C,Type3,2024-04-30,18,107.2,0.29,6527.84,-83.85,2.3,Completed
FOO1602,John Francis,Aliciahaven,Mississippi,East,C,Type3,2024-02-17,15,771.09,0.29,6097.09,4479.84,1.3,Pending
FOO1603,Kristy Harrison,Bishopview,Missouri,East,D,Type1,2024-01-19,15,212.73,0.29,3545.68,2293.04,4.4,Pending
FOO1604,Amanda Hood,West Andrew,Connecticut,West,A,Type3,2026-03-09,9,932.15,0.03,5533.49,3996.18,3.7,Pending
FOO1605,Heather Martinez,West Tara,Florida,South,C,Type2,2024-05-07,14,17.02,0.13,7486.82,4811.09,3.1,Pending
FOO1606,Danielle Bean,West Deniseborough,Rhode Island,South,A,Type2,2024-04-22,18,630.75,0.14,6411.79,280.79,3.6,Completed
FOO1607,Alicia Harrell,Johnsonchester,Pennsylvania,South,D,Type2,2024-06-22,13,221.4,0.13,166.44,3171.16,3.9,Completed
FOO1608,Ashley Wilkinson,Amberport,Illinois,North,A,Type1,2025-06-05,10,882.65,0.02,1743.57,2561.16,1.2,Cancelled
FOO1609,Catherine Parker,Aprilborough,Massachusetts,West,A,Type1,2025-05-31,8,237.64,0.1,6471.08,316.99,4.7,Pending
FOO1610,Gary Morales,North Grantport,Michigan,East,A,Type2,2025-02-11,15,928.8,0.13,9354.1,1870.8,2.0,Completed
FOO1611,Sarah Buck,South Jean,Kentucky,South,C,Type1,2025-07-11,1,672.15,0.21,8999.02,-70.51,4.7,Cancelled
FOO1612,Brett Peterson,Port Jacqueline,Ohio,West,C,Type1,2024-06-05,13,347.2,0.11,2178.31,190.36,1.1,Pending
FOO1613,Robin Welch,West Angelaton,Washington,West,B,Type2,2024-03-12,2,66.26,0.15,2267.32,-123.76,3.9,Pending
FOO1614,Carrie Bowman,West Alexander,Maryland,North,C,Type1,2025-07-19,16,366.14,0.29,1922.14,2863.46,3.7,Cancelled
FOO1615,Charles Hernandez,Briantown,Delaware,North,B,Type3,2024-08-27,12,868.13,0.28,5216.31,3026.34,2.1,Pending
FOO1616,William Ellis MD,Davistown,Hawaii,West,C,Type3,2024-04-21,2,55.68,0.07,7557.25,2459.07,1.6,Pending
FOO1617,Stephanie Harris,Christineton,Maryland,West,A,Type3,2023-10-02,2,799.97,0.29,8190.02,3127.86,1.6,Pending
FOO1618,William Carr,Martinezland,New Mexico,North,A,Type3,2024-06-20,1,550.32,0.15,9954.24,4046.82,1.7,Cancelled
FOO1619,Perry Vasquez,South Michael,Michigan,West,A,Type3,2024-01-27,17,208.01,0.14,5497.72,726.38,4.2,Cancelled
FOO1620,Judy Smith,Collierbury,Kansas,North,D,Type3,2023-12-27,14,975.02,0.16,195.28,3503.43,2.1,Cancelled
FOO1621,Melissa Woods,Rachelburgh,Arkansas,East,D,Type2,2025-05-10,17,54.9,0.18,1557.61,173.99,1.1,Cancelled
FOO1622,Rachel Campbell,West Karenside,Oregon,South,A,Type3,2024-01-23,5,97.62,0.07,6461.44,2745.06,3.0,Pending
FOO1623,Diana Barrett,North Tabithaborough,Texas,South,D,Type2,2024-04-22,11,291.05,0.25,7242.42,3958.2,4.4,Cancelled
FOO1624,Kenneth Cline,North Adam,Wisconsin,West,D,Type1,2026-01-20,12,827.43,0.04,6885.05,4918.48,3.2,Pending
FOO1625,Martin Morrow,Mileshaven,Utah,North,A,Type2,2024-11-23,4,812.22,0.13,7315.99,2530.18,1.2,Pending
FOO1626,James Hawkins,,Illinois,North,B,Type3,2023-09-02,17,672.66,0.12,9102.7,-17.75,1.1,Cancelled
FOO1627,Summer Kaiser,Nicholasshire,Colorado,South,C,Type1,2025-04-10,7,741.87,0.07,5903.41,1886.85,2.1,Completed
FOO1628,Ronald Hughes,Leeburgh,Arizona,West,C,Type2,2024-02-08,12,338.86,0.01,6568.32,1929.99,1.9,Completed
FOO1629,Caitlyn Franklin,South Cameron,Virginia,South,B,Type1,2024-01-18,10,886.43,0.02,8400.82,2271.08,4.1,Completed
FOO1630,Joshua Harris,Christianmouth,Idaho,West,A,Type2,2026-04-16,6,329.21,0.18,4471.67,3011.45,1.1,Pending
FOO1631,Jamie Love,Emilybury,Nebraska,East,A,Type1,2025-07-08,19,202.15,0.28,4157.62,4055.59,1.2,Completed
FOO1632,Michael Lee,Scottfurt,Kansas,North,D,Type2,2024-12-29,11,209.13,0.05,3834.68,4604.93,4.5,Pending
FOO1633,Jason Middleton,North Hannahbury,South Carolina,East,B,Type1,2025-09-13,10,92.79,0.06,5695.62,4146.43,4.6,Pending
FOO1634,Stephanie Wilson,Jessicaview,Arkansas,South,C,Type3,2023-11-12,4,991.12,0.1,556.62,3204.41,4.5,Cancelled
FOO1635,Thomas Small,Lake Jamesbury,Utah,West,A,Type2,2023-12-03,4,38.23,0.05,9336.69,-41.64,2.1,Cancelled
FOO1636,Keith Walters,Davidburgh,Connecticut,East,C,Type1,2025-04-24,9,498.38,0.13,2946.34,652.09,2.0,Completed
FOO1637,Madeline Martin,South Heatherfurt,New York,West,B,Type1,2026-01-15,13,196.82,0.02,3551.95,4514.22,3.6,Cancelled
FOO1638,Mr. Brian Reid,Wallside,Kansas,South,D,Type3,2025-10-05,12,593.19,0.26,9815.31,2986.95,4.4,Completed
FOO1639,Amanda Warren,Rogerview,Kansas,West,C,Type2,2024-09-21,4,381.87,0.01,9017.55,4165.81,3.3,Pending
FOO1640,Jason Webb,Wattsview,Rhode Island,North,B,Type2,2026-03-01,14,11.84,0.23,8355.69,2806.83,1.1,Cancelled
FOO1641,Raymond Williams,Steventon,Oklahoma,East,A,Type3,2026-03-06,8,459.91,0.19,9857.54,3778.88,4.3,Completed
FOO1642,Kerry Wilson,Judithfurt,Florida,East,B,Type3,2024-07-18,13,818.34,0.06,5256.41,3735.92,3.1,Pending
FOO1643,Brianna Wolfe,Port Sean,Michigan,East,A,Type3,2024-04-15,10,819.08,0.28,3761.88,4241.13,2.8,Pending
FOO1644,Devon Dawson,Port Madison,North Dakota,South,B,Type2,2025-07-18,18,165.42,0.17,1209.75,-24.09,1.0,Pending
FOO1645,Justin Hunt,Lake Brandontown,Florida,North,B,Type3,2024-01-29,12,67.79,0.26,7347.98,4492.51,4.9,Completed
FOO1646,Anne Carter,South Ericmouth,Oklahoma,North,A,Type3,2023-08-27,1,480.65,0.08,3990.01,4983.56,3.1,Cancelled
FOO1647,Mrs. Brenda Davis,Mcguireview,Hawaii,South,C,Type2,2023-06-16,16,648.55,0.14,5755.73,759.17,3.8,Pending
FOO1648,Raymond Warren,Mooreburgh,Maryland,West,B,Type2,2025-07-19,6,640.62,0.18,1793.54,3033.5,1.0,Completed
FOO1649,Scott Davis,Port Shawnaton,Massachusetts,West,A,Type1,2024-01-18,8,273.46,0.21,2481.71,-218.15,1.1,Completed
FOO1650,Christina Smith,Lake Anthony,Oregon,North,A,Type3,2023-12-20,8,260.9,0.06,5123.49,4205.51,1.4,Completed
FOO1651,Michael Green,South Michaelshire,Maine,South,A,Type1,2025-03-16,6,988.25,0.29,7345.86,147.36,1.0,Pending
FOO1652,Shawna Johnson,Pearsonton,Illinois,East,D,Type3,2023-07-31,10,191.2,0.21,3466.96,790.09,3.3,Pending
FOO1653,Destiny Cox,Alvaradoshire,South Dakota,East,C,Type3,2024-04-14,4,445.74,0.28,9520.85,2754.83,1.4,Cancelled
FOO1654,Daniel Knight,Lake Kelly,South Dakota,North,B,Type3,2023-09-11,11,625.2,0.06,7751.8,4993.61,4.8,Cancelled
FOO1655,Nicholas Price,Lake Jacqueline,Massachusetts,East,D,Type2,2025-01-26,12,676.28,0.16,2185.77,4257.28,4.7,Pending
FOO1656,Gregory Humphrey,South Michaelmouth,Alaska,West,C,Type3,2024-12-23,6,929.1,0.18,6803.76,4255.54,1.9,Pending
FOO1657,Mary Allen,New Mark,Iowa,West,A,Type3,2024-12-21,6,879.68,,5779.03,3584.43,3.0,Cancelled
FOO1658,John Torres,East Davidberg,Arizona,North,B,Type1,2025-11-20,13,178.31,0.11,3957.51,3343.4,2.8,Cancelled
FOO1659,Justin Hughes,,Hawaii,South,D,Type3,2026-04-27,6,109.97,0.29,3601.39,630.93,2.6,Completed
FOO1660,Andrew Dudley,Smithville,Colorado,North,A,Type3,2024-10-09,13,407.59,0.21,7401.7,3099.16,2.8,Cancelled
FOO1661,Allen Fernandez,West Brianmouth,Iowa,West,A,Type3,2025-10-22,19,778.19,0.08,3970.39,65.61,2.4,Cancelled
FOO1662,Jennifer Phillips,South Davidtown,New Mexico,South,B,Type1,2025-02-07,14,828.16,0.07,7500.96,1869.3,2.1,Cancelled
FOO1663,David Roach,Mariaburgh,Oklahoma,East,D,Type1,2024-01-31,17,366.6,0.05,3595.07,3646.31,1.9,Pending
FOO1664,Adam Hernandez,Mitchellmouth,Alabama,East,D,Type3,2024-09-24,5,298.6,0.02,5634.0,3061.75,4.1,Completed
FOO1665,David Peterson,Beckytown,Colorado,West,C,Type2,2025-04-04,6,107.14,0.03,2411.56,3256.87,1.6,Completed
FOO1666,Austin Dickson,West Denise,Iowa,North,C,Type2,2024-04-20,5,725.08,0.15,1600.04,90.57,1.4,Completed
FOO1667,Tiffany Durham,Jeffside,Arizona,North,D,Type3,2023-12-31,18,574.44,0.09,5257.92,1761.32,1.2,Cancelled
FOO1668,Kristin Smith,South Courtneyberg,California,West,A,Type3,2024-12-04,6,770.84,0.22,1706.78,4587.02,1.5,Cancelled
FOO1669,Angela Trevino PhD,North Rossside,Kansas,West,C,Type3,2023-11-19,5,959.97,0.24,8141.93,4266.64,1.3,Completed
FOO1670,Eric Huber,Sandersville,Oklahoma,East,B,Type3,2025-07-03,15,487.61,0.14,7859.4,3154.76,2.0,Cancelled
FOO1671,Robert Gilbert,New Tracyfort,Maryland,North,A,Type2,2025-05-28,6,389.0,0.21,7761.96,2793.4,2.9,Pending
FOO1672,Joseph Davis,South Leviport,Georgia,West,D,Type1,2024-01-22,8,720.54,0.04,5943.55,-266.38,4.2,Cancelled
FOO1673,Ryan Hayden,Gomezville,South Dakota,West,B,Type1,2023-08-22,10,279.01,0.06,301.69,3609.14,3.0,Cancelled
FOO1674,Virginia Vaughn,Jessicashire,Massachusetts,East,C,Type3,2024-09-01,14,609.57,0.15,3887.2,2179.41,3.1,Pending
FOO1675,Thomas Andersen,Wandastad,Arizona,West,D,Type1,2026-05-27,17,215.12,0.11,7247.41,1360.72,4.5,Cancelled
FOO1676,Devin Price,New Thomasville,Virginia,East,B,Type3,2023-10-08,15,557.47,0.29,8029.6,1060.66,3.2,Pending
FOO1677,Mark Davis,Stevenstad,Pennsylvania,East,A,Type3,2023-06-08,14,369.0,0.21,1709.11,1619.93,3.0,Pending
FOO1678,Robert Bonilla,Stevenburgh,Tennessee,South,B,Type3,2026-05-06,14,538.83,0.22,3098.44,4937.98,4.6,Completed
FOO1679,Scott Moran,Melvinborough,Wisconsin,East,B,Type2,2026-05-21,5,909.35,0.15,5527.25,106.83,4.9,Cancelled
FOO1680,Latasha Lee,Johnsonfort,Minnesota,East,C,Type2,2024-05-24,9,527.12,0.25,8630.51,25.43,4.5,Pending
FOO1681,Christopher Herring,Lake Andrew,Minnesota,South,B,Type1,2024-11-28,1,274.15,0.06,564.48,648.41,1.8,Completed
FOO1682,Sharon Wilkins,Lake Rhondaton,Virginia,South,D,Type3,2023-07-10,13,741.12,0.11,9573.51,3129.62,5.0,Completed
FOO1683,Kyle Copeland,Scottport,Delaware,East,C,Type2,2024-09-16,12,935.0,0.19,8947.8,795.59,1.2,Cancelled
FOO1684,Kimberly Erickson,Lake April,Nevada,West,C,Type1,2024-03-24,1,291.91,0.15,2301.23,4745.56,1.5,Cancelled
FOO1685,Kristen Wu,Schaeferstad,Michigan,East,B,Type3,2024-05-23,16,587.05,,1851.38,-19.53,3.6,Pending
FOO1686,Angela Williams,Walshview,Texas,East,B,Type3,2024-04-09,14,724.51,0.06,5378.71,1091.67,2.1,Completed
FOO1687,Sherry Walton,South Robert,Minnesota,West,A,Type1,2024-08-05,10,685.99,,8341.38,2585.48,3.6,Completed
FOO1688,Melissa Adams,Nicoleborough,New Jersey,North,C,Type1,2025-02-15,8,125.79,0.2,6101.08,3290.82,4.0,Completed
FOO1689,Amy Morton,New Kendra,California,North,B,Type3,2025-06-28,5,998.35,0.17,3510.17,3420.12,1.1,Pending
FOO1690,Julie Smith,Thompsonmouth,Connecticut,South,C,Type3,2023-10-27,14,51.54,0.21,2619.6,,2.5,Completed
FOO1691,Cheryl Cunningham,East Jenniferstad,California,South,A,Type3,2024-02-20,7,811.14,0.19,7161.85,1192.76,1.6,Completed
FOO1692,Greg Schaefer,New Richardside,Iowa,North,B,Type2,2023-07-13,16,26.79,,3794.67,3874.46,3.1,Pending
FOO1693,James Richardson,South Kelly,North Carolina,West,A,Type1,2025-05-25,14,292.35,0.22,9269.7,3897.54,1.4,Completed
FOO1694,James Turner,Lake Danielchester,Ohio,West,B,Type2,2023-10-20,18,461.53,0.02,6883.78,2026.55,4.6,Cancelled
FOO1695,Stephanie Sweeney,Briggsland,Vermont,East,C,Type3,2024-08-10,1,448.2,0.15,5727.29,4810.52,1.8,Completed
FOO1696,Margaret Doyle,Hannahmouth,North Dakota,West,A,Type1,2025-08-06,2,188.43,0.25,185.27,52.72,3.8,Pending
FOO1697,Anthony Lowe,,Oregon,East,C,Type1,2026-02-20,1,501.88,0.25,9867.9,2153.26,1.7,Cancelled
FOO1698,Emily Thompson,Mariaberg,Colorado,South,D,Type1,2024-06-10,18,835.87,0.07,2551.3,2252.84,4.9,Cancelled
FOO1699,Stephanie Barker,South Tammy,Iowa,North,A,Type2,2024-04-08,16,932.8,0.11,5254.1,2107.15,2.3,Cancelled
FOO1700,Sydney Miller,Ritastad,Louisiana,West,D,Type1,2025-04-04,18,834.91,,2985.71,2146.95,4.6,Pending
FOO1701,Sarah Rodriguez,South Brittanyville,Connecticut,East,A,Type3,2025-05-16,12,776.41,0.24,351.74,2945.98,2.3,Cancelled
FOO1702,Brittany Cain,North Laurenmouth,South Dakota,East,C,Type3,2024-04-02,5,328.44,0.01,2125.32,-351.36,2.6,Completed
FOO1703,Anne Massey,New Ernest,Vermont,West,C,Type3,2026-03-20,14,568.9,0.06,9144.21,4455.52,2.2,Pending
FOO1704,Jorge Williams,West Heathermouth,Colorado,South,D,Type2,2025-09-06,16,460.82,0.18,3527.01,199.46,1.2,Completed
FOO1705,Alexander Baker,Lake Brandonmouth,Missouri,West,D,Type2,2023-10-24,17,60.77,0.14,1472.35,3615.84,1.1,Cancelled
FOO1706,Michael Davis,Thomasview,Montana,East,B,Type3,2025-07-20,5,375.02,0.06,862.61,4171.46,1.9,Cancelled
FOO1707,Nathan Hunt,Larsenview,Pennsylvania,South,B,Type1,2024-10-11,1,261.39,0.1,4610.99,2368.72,1.2,Pending
FOO1708,Steven Barr,West James,Indiana,South,A,Type2,2024-09-19,15,205.7,0.03,1820.57,22.36,1.7,Cancelled
FOO1709,Mariah Hernandez,Watershaven,Maine,South,C,Type2,2025-05-20,11,889.04,0.12,4826.11,-381.56,3.4,Cancelled
FOO1710,Shawn Andrews,Kennethberg,Georgia,East,C,Type2,2025-04-20,16,328.25,0.21,3259.96,2420.04,1.5,Completed
FOO1711,Joshua Moran,Rogersborough,Arkansas,North,A,Type3,2023-09-28,1,565.38,0.11,905.97,-371.11,4.6,Cancelled
FOO1712,Jacob Schmidt,Jamesmouth,Connecticut,South,C,Type3,2023-11-21,8,108.22,0.07,3318.3,3919.21,4.3,Completed
FOO1713,Michael Thompson,Jonesstad,Oklahoma,South,A,Type3,2025-03-29,10,788.14,0.16,5654.94,1499.56,2.1,Cancelled
FOO1714,Michael Snyder,Patriciaberg,West Virginia,East,D,Type2,2024-06-17,14,51.2,0.21,7900.14,-405.78,2.2,Pending
FOO1715,Hannah Jones,Lake Carol,Rhode Island,South,A,Type1,2024-02-14,18,337.25,0.29,135.15,1802.45,4.2,Cancelled
FOO1716,Mary Gray,West Ricky,Connecticut,West,A,Type2,2024-04-09,4,321.27,0.11,4159.89,2968.54,3.3,Completed
FOO1717,Julie Flores,Berryfurt,Delaware,North,B,Type2,2026-03-01,4,113.18,0.09,1710.03,4642.76,4.5,Pending
FOO1718,Sharon Meyers,Stephensfurt,Pennsylvania,South,B,Type2,2025-06-07,16,153.93,0.12,5687.1,-223.1,3.5,Pending
FOO1719,Gail Kent,North Kristopherborough,Michigan,West,C,Type2,2025-10-19,13,358.97,0.29,1029.32,244.25,1.3,Cancelled
FOO1720,Mrs. Jamie Lee MD,South Amandahaven,Virginia,East,A,Type2,2023-12-11,6,975.58,0.11,3856.48,2820.7,5.0,Cancelled
FOO1721,Christina Chavez,Benjaminview,Wisconsin,South,C,Type1,2025-12-02,11,601.32,0.22,6499.53,1554.0,3.3,Cancelled
FOO1722,Whitney Sweeney,West Stephanieborough,Arizona,West,D,Type3,2025-09-12,13,523.71,0.24,4877.62,1463.13,1.1,Completed
FOO1723,Amber Long,Julieton,Washington,West,B,Type3,2023-07-13,1,266.16,0.09,2040.89,718.79,2.4,Pending
FOO1724,Derek Humphrey,Williamville,Idaho,East,C,Type1,2024-02-16,14,677.23,0.09,4347.35,2481.82,3.3,Cancelled
FOO1725,Jay Green,Benitezport,Montana,West,C,Type1,2024-08-24,13,972.32,0.04,698.99,3107.73,3.5,Completed
FOO1726,Jennifer Garcia,Fernandezport,Indiana,East,D,Type1,2023-08-23,17,270.17,0.09,6927.68,1000.65,4.2,Completed
FOO1727,Jacqueline Ruiz,Port Amymouth,Kansas,South,D,Type3,2025-08-18,17,229.0,0.08,7881.83,4223.99,3.1,Pending
FOO1728,Emily Quinn,Harrisside,Illinois,North,C,Type3,2023-06-06,9,962.69,0.15,152.22,2746.45,2.3,Pending
FOO1729,Jerry Nelson,Robersonton,Maine,West,C,Type2,2023-07-25,2,867.25,0.24,7411.77,3586.07,3.4,Pending
FOO1730,Christopher Morris,Whitefort,Idaho,North,C,Type1,2025-02-04,10,423.44,0.1,3399.92,-12.15,2.2,Pending
FOO1731,Brenda Gilbert,West Scott,Louisiana,South,C,Type3,2025-07-19,13,541.76,0.3,1545.56,-449.9,2.3,Cancelled
FOO1732,James Blevins,Meltonbury,Indiana,East,D,Type1,2023-07-04,11,838.67,0.12,4011.57,1909.59,2.1,Completed
FOO1733,Lisa Ortiz,New Wayne,Tennessee,West,D,Type2,2026-03-15,10,433.37,0.14,4228.21,672.65,2.3,Pending
FOO1734,Luis Conrad,West Bianca,Oregon,South,B,Type1,2023-10-16,7,795.84,0.25,4444.33,3026.06,4.4,Completed
FOO1735,Melissa Powell,Robertsonmouth,Arizona,South,A,Type3,2023-10-29,11,271.9,0.23,4470.33,3642.94,1.7,Pending
FOO1736,Joseph Hopkins,Jessicashire,Nebraska,South,D,Type3,2024-03-26,19,307.31,0.24,5991.35,1756.75,1.7,Pending
FOO1737,Casey Shannon,Port Caseyborough,Massachusetts,West,B,Type3,2025-12-01,16,526.33,0.3,736.63,3278.59,1.7,Completed
FOO1738,Heather Ramirez,Robertmouth,Tennessee,West,C,Type2,2025-07-29,5,222.0,0.26,2785.44,1897.75,4.4,Completed
FOO1739,Abigail Barron,Fisherberg,Wisconsin,West,D,Type2,2024-04-28,7,837.21,0.03,9319.92,4305.44,4.1,Cancelled
FOO1740,Lindsay Terrell,New Katherine,Delaware,North,D,Type2,2024-04-21,12,100.73,0.26,466.03,1872.93,4.7,Cancelled
FOO1741,Katherine Walker,North Thomas,Rhode Island,West,B,Type1,2026-02-15,19,234.34,0.11,7648.13,778.56,1.9,Pending
FOO1742,Sarah Harris,West Russell,Oregon,South,D,Type3,2025-05-20,14,725.92,0.19,3030.6,1930.16,3.1,Cancelled
FOO1743,Emily Ward,East Courtney,Texas,East,A,Type1,2023-12-02,15,523.24,0.09,5586.74,1470.43,2.6,Pending
FOO1744,Matthew Clayton,South Derekbury,Nebraska,North,B,Type2,2024-07-04,1,37.99,,185.94,4497.28,4.1,Completed
FOO1745,Juan Freeman,New Staceyview,Arkansas,North,A,Type2,2025-09-03,1,458.23,0.03,2528.18,203.94,3.2,Cancelled
FOO1746,Ronnie Martinez,Alanfurt,Connecticut,West,D,Type3,2024-07-18,6,168.93,0.28,8080.04,194.46,4.4,Pending
FOO1747,Kevin Anderson DDS,North Patriciaton,North Dakota,South,D,Type1,2023-08-08,7,438.47,0.09,8364.69,,4.0,Completed
FOO1748,Earl Fischer,Port Josephberg,Arkansas,South,A,Type3,2024-09-06,18,631.21,0.03,4773.49,3472.9,2.7,Pending
FOO1749,Todd Burton,Lake Ronaldland,Missouri,East,D,Type1,2024-06-11,14,213.61,0.24,9043.72,4225.19,2.5,Cancelled
FOO1750,Michael Garcia,Natashaland,Nebraska,North,C,Type2,2025-07-06,3,409.37,0.23,2333.29,1310.97,4.4,Completed
FOO1751,Alyssa Joyce,Ramosberg,Wyoming,South,B,Type2,2025-12-03,7,238.46,0.18,789.87,2380.38,4.3,Completed
FOO1752,Eric Morse,North Peterland,Kansas,East,B,Type3,2026-01-13,18,394.34,0.21,9516.28,868.25,1.4,Pending
FOO1753,April Cunningham,Ellisberg,Michigan,West,D,Type3,2026-01-15,16,146.57,0.25,5846.33,1370.74,1.3,Pending
FOO1754,Kathryn Smith,Port Stevenchester,Kansas,East,C,Type2,2024-09-21,15,542.84,0.13,5224.33,4135.35,1.7,Pending
FOO1755,Alex Haley,,Kentucky,North,A,Type2,2024-10-30,2,220.31,0.15,3240.49,196.7,2.2,Pending
FOO1756,Patricia Estes,West Benjaminland,Nevada,East,D,Type3,2026-05-16,11,835.45,0.03,2923.4,-379.26,2.0,Cancelled
FOO1757,Claire Adams,Samanthaborough,Colorado,South,B,Type1,2024-11-18,5,713.77,0.3,1512.47,1197.15,2.8,Pending
FOO1758,Travis Shaw,Caseyfurt,Idaho,South,B,Type2,2024-05-18,4,39.33,0.18,6243.17,1961.51,3.8,Pending
FOO1759,Riley Sharp,Wrightshire,Maryland,East,C,Type3,2025-01-06,7,680.04,0.02,559.97,2270.81,1.8,Cancelled
FOO1760,Troy Cooper,New David,Arkansas,West,C,Type3,2025-11-27,11,20.78,0.01,7012.82,3888.48,1.9,Completed
FOO1761,Crystal Mullins,Rangelborough,Missouri,North,A,Type1,2025-04-24,4,82.78,0.17,8011.31,4318.91,4.8,Pending
FOO1762,Amy Davis,South Jennaton,South Carolina,West,C,Type1,2026-05-21,1,943.91,0.16,3997.69,3593.18,3.5,Completed
FOO1763,Adam Ramirez,Phillipsfort,South Dakota,South,C,Type2,2024-12-20,14,729.24,0.14,8441.72,141.01,2.3,Pending
FOO1764,Margaret Wilson,Paulchester,South Dakota,North,C,Type1,2023-10-11,16,454.74,0.24,5604.42,-401.11,1.8,Pending
FOO1765,Michael Black,Terryburgh,Maine,North,A,Type3,2023-09-09,5,43.87,0.03,5815.08,4540.13,4.8,Cancelled
FOO1766,Glenn Thompson,,Delaware,East,A,Type1,2025-09-21,2,868.02,0.09,673.28,4087.6,4.9,Cancelled
FOO1767,Benjamin Johnson,South Rhonda,Nebraska,East,B,Type1,2026-02-08,4,538.93,0.17,6540.13,-455.51,3.1,Completed
FOO1768,Brandi Wells,New Cynthiaport,Oklahoma,East,A,Type2,2025-07-03,12,997.22,0.14,2805.49,415.07,2.4,Pending
FOO1769,Ryan Roberts,East John,Kentucky,South,A,Type2,2025-07-18,16,602.22,0.08,4407.7,4380.51,1.1,Completed
FOO1770,Joseph Silva,Ericville,Louisiana,North,A,Type3,2025-09-24,9,29.01,0.25,1741.56,4789.19,5.0,Pending
FOO1771,Michael Scott,Powellmouth,Utah,West,A,Type1,2023-11-19,12,239.84,0.19,1608.09,-257.43,4.7,Pending
FOO1772,Jennifer Davis,Evansbury,Hawaii,North,A,Type3,2025-10-10,12,401.36,0.23,3332.49,3867.39,3.8,Cancelled
FOO1773,Erin Green,Lewismouth,Alaska,South,B,Type3,2023-11-17,12,505.6,0.16,5803.05,-339.49,2.3,Completed
FOO1774,Joshua Green,Lake Diane,Minnesota,West,D,Type1,2023-09-19,12,914.03,0.24,6535.85,3957.97,3.7,Cancelled
FOO1775,Sheri Dixon,Elijahborough,Illinois,North,B,Type1,2024-11-08,4,932.32,0.05,5790.85,-422.25,3.1,Cancelled
FOO1776,Craig Wolfe,New Megan,North Dakota,North,A,Type3,2023-06-13,13,900.03,0.17,1028.66,3700.17,2.3,Cancelled
FOO1777,Miranda Sampson,West Anthonyburgh,Idaho,West,A,Type3,2024-01-03,1,321.1,0.1,5935.36,5.04,4.3,Pending
FOO1778,Alexander Moore,North Melanieborough,New Mexico,East,A,Type2,2025-03-16,12,31.78,0.14,9570.96,3840.22,4.0,Cancelled
FOO1779,Travis White,Jenniferfurt,North Dakota,South,A,Type3,2024-10-23,4,264.28,0.26,8945.62,4107.52,4.9,Completed
FOO1780,Jonathan Lynch,Bateshaven,South Carolina,East,D,Type3,2025-06-26,5,348.4,0.29,4737.53,3597.07,3.5,Completed
FOO1781,Rebecca Gray,Whitemouth,Alabama,North,B,Type1,2025-03-11,3,189.44,0.06,7928.59,3054.24,1.9,Completed
FOO1782,Michael Keith,West Mary,Illinois,West,C,Type2,2026-05-14,3,973.53,0.29,4661.78,3966.17,1.7,Pending
FOO1783,Tracy Campbell,Justinmouth,Delaware,North,B,Type2,2025-06-01,18,877.88,0.22,2000.96,1178.49,3.6,Completed
FOO1784,Michael Chavez,Jennaborough,California,West,C,Type3,2024-10-22,3,334.1,0.03,7887.72,840.07,1.4,Cancelled
FOO1785,Tammy Russell,Smithmouth,Virginia,West,A,Type2,2024-02-04,19,167.04,,2958.51,370.6,2.3,Cancelled
FOO1786,Robert Green,Nataliechester,Maine,South,B,Type1,2025-09-19,13,445.25,0.23,1414.35,1013.97,4.5,Completed
FOO1787,Joanna Villa,New Alexis,Florida,South,A,Type1,2024-04-09,5,977.91,0.17,2977.13,1155.45,4.9,Cancelled
FOO1788,Mike Hanson,Lake Dwaynetown,Michigan,South,D,Type2,2026-01-21,7,844.0,0.1,3602.54,4330.71,2.9,Completed
FOO1789,Donna Bond,Mejiamouth,Pennsylvania,North,A,Type1,2023-09-03,7,750.46,0.09,2445.33,747.44,1.1,Pending
FOO1790,Steven Scott,Hoffmanville,Wyoming,West,D,Type3,2024-02-07,7,597.95,0.06,9055.55,3540.85,4.3,Completed
FOO1791,Megan Russell,North Susanfort,Colorado,East,D,Type2,2024-11-20,7,719.0,0.18,3239.84,1824.35,2.6,Completed
FOO1792,Christopher Frazier,Williamsshire,New York,North,A,Type1,2025-02-02,15,253.0,0.05,7859.3,3361.85,1.2,Pending
FOO1793,Julia Ramirez,Michaelport,Louisiana,North,D,Type3,2023-09-05,8,693.18,0.22,9941.22,4068.61,1.8,Completed
FOO1794,Scott Hayes,Hallville,West Virginia,South,B,Type2,2026-03-24,6,371.65,0.21,4336.43,1736.97,1.9,Completed
FOO1795,Ashley Bell,Julieville,New Hampshire,East,D,Type3,2023-09-06,9,51.08,0.12,4549.55,34.07,2.0,Pending
FOO1796,Joseph Anderson,New Marvin,Alaska,West,A,Type3,2024-05-20,10,782.7,,1998.39,4602.43,4.9,Pending
FOO1797,Jocelyn Johnson,Davidhaven,South Dakota,East,B,Type3,2023-08-13,9,577.76,0.22,7610.69,-81.32,3.8,Completed
FOO1798,William Estrada,Port Shawnchester,Illinois,West,C,Type2,2025-04-12,17,131.15,0.13,3829.76,3475.8,4.2,Completed
FOO1799,Ashley Smith,Port Jessemouth,Nebraska,West,C,Type3,2023-08-21,8,135.24,0.22,7275.19,4684.05,2.3,Completed
FOO1800,Matthew Webb,Randymouth,Massachusetts,North,A,Type3,2024-04-21,16,273.21,0.25,729.11,1005.6,3.9,Completed
FOO1801,Ryan Greene,South Micheleville,Minnesota,North,C,Type3,2023-07-13,1,823.54,0.01,6396.32,,4.1,Completed
FOO1802,Sean Frazier,Harrishaven,West Virginia,South,B,Type1,2024-05-20,3,799.24,0.22,2182.21,1090.43,1.4,Completed
FOO1803,Mr. Ronald Willis,,Kentucky,South,A,Type1,2023-12-23,8,801.0,0.09,4012.49,-346.46,2.0,Completed
FOO1804,Jasmine Smith,Butlerchester,Minnesota,North,B,Type3,2025-01-01,7,115.65,0.07,5299.86,4529.35,1.4,Completed
FOO1805,John Robinson,Clementsburgh,Virginia,South,C,Type2,2025-12-20,10,663.25,0.22,8111.26,956.0,1.5,Cancelled
FOO1806,Donald Morgan,Katelynstad,Maine,South,C,Type2,2025-06-30,12,481.23,0.25,8679.14,2382.22,4.8,Completed
FOO1807,Carl Ortiz,East Sara,Pennsylvania,East,D,Type2,2025-02-08,6,151.36,0.04,8812.73,-108.42,1.8,Completed
FOO1808,Steven Stephens,Mathisville,Illinois,North,C,Type2,2024-03-20,11,877.86,0.07,7951.19,3746.39,1.8,Pending
FOO1809,Tiffany Little,East Melanieborough,South Dakota,North,B,Type3,2025-07-01,17,827.19,0.06,5732.12,1912.87,4.2,Completed
FOO1810,Peter Jimenez,East Billfort,Nevada,West,D,Type3,2023-12-20,8,397.86,0.16,2386.88,1576.42,4.1,Cancelled
FOO1811,Victoria Smith,Reyesville,Washington,South,C,Type2,2024-09-14,7,796.21,0.18,254.08,1678.74,4.4,Cancelled
FOO1812,Calvin Crane,Guerreroland,Alabama,South,B,Type1,2026-03-26,18,570.4,0.11,5476.94,4759.72,1.1,Completed
FOO1813,Jean Blankenship,Emilyton,Ohio,North,B,Type3,2025-09-17,5,863.7,0.13,8937.33,114.6,4.2,Completed
FOO1814,Kevin Morris,Michaelview,Utah,East,C,Type2,2023-06-04,3,269.03,0.02,7413.18,4596.49,3.1,Cancelled
FOO1815,Mason Peterson,West Timothy,New Jersey,East,D,Type3,2025-08-15,5,278.52,0.05,9825.23,,3.0,Cancelled
FOO1816,Robert Smith,Jerrybury,Wyoming,East,D,Type3,2025-11-29,5,423.24,0.12,3560.99,2636.47,3.9,Completed
FOO1817,Taylor Ramirez,Richardmouth,Michigan,South,B,Type1,2026-01-12,19,209.52,0.29,4235.84,1132.79,3.0,Pending
FOO1818,Chris Hartman,Kathleenfurt,Alabama,North,A,Type2,2023-08-25,13,637.73,0.19,6820.58,1459.81,3.0,Completed
FOO1819,Dennis Russell,South Elizabethview,California,South,C,Type1,2023-12-28,4,223.31,0.22,8125.16,3173.17,4.4,Cancelled
FOO1820,Robert Gregory,Gregoryberg,Nebraska,East,B,Type3,2024-04-08,12,306.52,0.16,7108.35,1400.54,1.7,Cancelled
FOO1821,Nicholas Jones,Moniqueview,Massachusetts,West,A,Type2,2023-09-29,4,143.72,0.14,4674.11,2864.64,2.6,Cancelled
FOO1822,Adam Lyons,Ayersville,Colorado,West,C,Type2,2026-05-20,12,908.78,0.05,5444.66,3141.76,4.2,Cancelled
FOO1823,Daniel Wright,Kristinton,Kentucky,East,C,Type2,2025-10-26,10,292.65,0.13,3111.65,-329.23,4.0,Pending
FOO1824,Theodore Carrillo,Susanmouth,Michigan,North,B,Type1,2023-12-05,11,196.8,0.06,6406.05,3146.75,4.3,Completed
FOO1825,John Johnston,New Gregory,Minnesota,North,B,Type1,2024-12-30,19,449.54,0.21,1893.61,-153.59,4.9,Pending
FOO1826,Alexander Martin,,Georgia,East,B,Type2,2023-08-09,14,162.54,0.11,8395.27,3580.82,1.5,Completed
FOO1827,Heather Martin,South Dakota,West Virginia,North,B,Type1,2025-07-13,8,187.57,0.08,7174.37,3714.32,1.1,Completed
FOO1828,Angela Chase,East Kimberlyborough,Montana,East,B,Type2,2024-05-02,19,564.88,0.01,6022.3,300.92,1.2,Completed
FOO1829,Donald Bradford,Lake Katie,Maryland,South,A,Type2,2023-12-24,13,279.15,0.3,3234.29,2821.54,1.4,Cancelled
FOO1830,Jennifer White,Lake Madison,Colorado,West,B,Type1,2025-10-13,9,768.43,0.03,1877.44,271.05,1.8,Completed
FOO1831,Brandon Jackson,Kevinshire,New Mexico,North,A,Type3,2025-09-14,7,467.46,0.06,1522.53,4232.6,1.7,Completed
FOO1832,Krista Guzman,Pattystad,Massachusetts,East,A,Type3,2025-08-04,13,418.94,0.08,6862.48,,3.9,Cancelled
FOO1833,Vanessa Santana,Mollyborough,Nevada,North,B,Type2,2025-01-17,1,479.43,0.23,6280.95,1157.89,1.9,Completed
FOO1834,Mary West,New Brittneymouth,North Dakota,North,D,Type3,2026-01-04,14,780.2,0.3,777.45,3760.23,2.4,Completed
FOO1835,Kim Rasmussen,Port Danielstad,South Carolina,East,B,Type1,2024-07-11,13,19.22,0.01,4457.73,4940.37,3.8,Completed
FOO1836,Nicholas Jones,Debbieville,Massachusetts,West,B,Type1,2026-02-15,2,93.7,0.2,3264.61,4353.53,2.7,Completed
FOO1837,Vincent Alexander,Johnhaven,New Hampshire,South,D,Type3,2025-10-04,6,499.02,,2721.73,3862.41,1.4,Completed
FOO1838,John Gill,Williamsstad,Rhode Island,West,D,Type1,2023-10-03,10,585.12,0.29,694.05,1465.17,3.8,Cancelled
FOO1839,Samantha Spencer,New Hayleyburgh,Florida,North,B,Type1,2026-01-30,12,70.42,0.28,5290.87,4464.88,4.4,Cancelled
FOO1840,Robert Schmidt,Rachelburgh,Illinois,West,B,Type1,2025-07-16,16,553.62,0.17,9518.22,,4.9,Pending
FOO1841,Courtney Abbott,Jennifermouth,Wisconsin,South,C,Type1,2024-05-11,9,393.29,0.21,1208.3,1164.7,4.6,Completed
FOO1842,Robin Evans,Lake Matthewside,Louisiana,East,D,Type1,2025-05-22,8,528.98,0.05,6665.61,-486.94,2.7,Completed
FOO1843,Timothy Morrison,Lake Bethanystad,North Dakota,North,A,Type1,2025-07-06,10,129.28,0.13,8269.61,-320.91,3.2,Completed
FOO1844,Bradley Lyons,Martinborough,New Hampshire,East,A,Type2,2026-02-22,19,843.48,0.29,3601.77,783.14,4.3,Pending
FOO1845,Michael Wilson,South Ronaldport,Washington,North,C,Type3,2024-08-12,4,267.02,0.25,9662.06,-305.12,2.4,Completed
FOO1846,Mary Horton,North Rebecca,South Carolina,South,B,Type1,2024-12-18,2,221.73,0.02,1602.73,-498.79,2.9,Completed
FOO1847,Kevin Williamson,Andrewburgh,California,North,D,Type3,2026-01-06,7,960.63,0.21,2841.7,,4.0,Pending
FOO1848,Stacy Mccormick,Lisaview,Washington,North,A,Type2,2024-03-22,8,234.68,0.25,3450.21,2077.98,1.7,Completed
FOO1849,Craig Rush,North Erin,Michigan,East,C,Type2,2026-02-04,13,941.26,0.12,3648.94,-217.12,2.2,Completed
FOO1850,Nancy Becker,Lake Danielmouth,Rhode Island,West,D,Type1,2024-03-16,15,262.31,0.14,8991.7,614.21,4.8,Pending
FOO1851,William Bates,Alishaton,Louisiana,South,C,Type2,2023-10-26,9,549.79,0.04,111.48,-376.3,1.2,Completed
FOO1852,Stuart Travis,South Meredithburgh,Mississippi,South,D,Type3,2024-01-26,1,751.28,0.03,1110.57,830.47,4.0,Pending
FOO1853,Lindsay Jimenez,New Matthew,Minnesota,East,B,Type1,2025-06-29,17,236.53,0.28,2859.22,1966.7,3.6,Pending
FOO1854,Thomas Raymond,West Jacob,Florida,South,D,Type3,2025-10-29,8,639.96,0.19,591.57,4532.47,2.4,Cancelled
FOO1855,Grant Smith,Barneston,Colorado,South,B,Type2,2024-01-27,6,994.49,0.29,6015.58,2922.74,3.1,Cancelled
FOO1856,Gabriel Black,North James,Iowa,West,B,Type1,2023-08-10,3,791.0,0.14,658.89,4270.53,1.6,Pending
FOO1857,Madison Lopez,Smithberg,Pennsylvania,North,C,Type1,2023-08-31,18,876.6,,2931.73,2799.21,4.1,Completed
FOO1858,Colin Gomez PhD,Craigton,Washington,South,C,Type2,2024-07-31,7,356.23,0.18,6698.66,2801.98,3.3,Completed
FOO1859,Douglas Grant,Port Tyler,Wyoming,South,B,Type3,2025-04-29,15,782.21,0.11,4470.9,1153.46,4.9,Pending
FOO1860,Kimberly Phillips,Bankschester,Maine,South,A,Type2,2026-05-23,11,879.22,0.09,2572.92,697.49,3.1,Pending
FOO1861,Sandra Hughes,Michealmouth,Kentucky,North,C,Type3,2026-03-24,12,87.13,0.26,8201.75,4163.94,4.3,Cancelled
FOO1862,Lisa French,New Aaron,Louisiana,West,C,Type2,2023-08-10,17,508.3,0.18,2814.62,3894.36,1.6,Cancelled
FOO1863,Scott Williams,Robbinshaven,Missouri,West,C,Type3,2024-10-20,18,982.59,0.06,2170.76,3096.76,1.6,Cancelled
FOO1864,Bonnie Carroll MD,East Maria,Georgia,North,D,Type3,2025-11-10,5,714.51,0.11,7084.28,829.85,2.7,Cancelled
FOO1865,David Johnson,New Matthew,Tennessee,West,A,Type1,2026-04-13,15,89.32,0.17,8248.34,4317.97,4.0,Cancelled
FOO1866,Timothy Werner,Andersonton,Nevada,South,C,Type2,2024-05-25,18,763.4,0.12,2527.55,4573.32,3.9,Completed
FOO1867,Ashlee Richards,New Ronald,Washington,West,B,Type1,2026-05-15,9,73.53,0.22,1600.87,4957.01,4.3,Pending
FOO1868,Brandon Hall,New Johnathan,Mississippi,North,C,Type3,2025-01-16,17,292.37,0.12,5473.93,3620.13,1.1,Pending
FOO1869,Kristin Adkins,Lake Antonio,Minnesota,West,D,Type3,2023-06-23,8,493.11,0.3,4180.82,767.96,2.5,Cancelled
FOO1870,William Friedman,East Courtney,Rhode Island,East,B,Type1,2024-06-28,6,268.08,0.3,8921.18,3810.67,4.2,Pending
FOO1871,Teresa Schwartz,Millerfurt,Arkansas,East,C,Type1,2024-02-14,12,37.74,0.26,2993.04,1703.29,4.5,Cancelled
FOO1872,Aaron Morris,Port Alicia,Tennessee,North,D,Type3,2024-04-15,15,444.86,0.26,7079.75,3291.79,4.2,Completed
FOO1873,Rebecca Allen,Lake James,Wyoming,East,A,Type3,2024-03-26,7,744.27,0.25,9617.8,4849.82,3.0,Cancelled
FOO1874,Jessica Hopkins,Kirbyborough,North Carolina,East,D,Type2,2025-07-10,9,331.85,0.03,5754.97,784.41,4.5,Completed
FOO1875,Jennifer Rice,East Carolynside,Hawaii,South,A,Type3,2025-04-08,18,591.51,0.29,2380.5,1370.27,3.7,Cancelled
FOO1876,Beverly Matthews,North Bryan,New Mexico,South,A,Type3,2025-04-12,1,307.47,0.03,4975.46,3593.64,4.2,Completed
FOO1877,Alexis Douglas,Mckinneyberg,Alaska,South,D,Type3,2025-11-18,6,74.96,0.17,8018.19,-72.31,3.0,Cancelled
FOO1878,Rita Cox,South Mark,Kentucky,East,D,Type2,2025-01-10,16,954.39,0.2,6460.22,673.13,4.4,Completed
FOO1879,Jeanette Garcia,North Jasonville,Minnesota,South,A,Type3,2025-08-01,15,520.68,0.07,5502.99,2050.26,1.6,Pending
FOO1880,Cheyenne Knight,Mckeeland,North Carolina,North,A,Type2,2026-03-02,19,970.75,0.09,237.77,2358.37,1.5,Pending
FOO1881,James Harris,Allisonton,Utah,East,D,Type3,2024-02-15,17,987.26,0.21,7147.98,142.43,1.3,Cancelled
FOO1882,Christian Dalton,South Elizabethview,Rhode Island,West,D,Type3,2025-11-19,1,728.9,0.06,8244.68,4656.93,3.1,Cancelled
FOO1883,Charles Summers,Morafort,Florida,North,C,Type1,2026-04-20,13,118.83,0.21,2089.01,2973.24,2.2,Cancelled
FOO1884,Jennifer Mason,Elizabethshire,Alaska,South,C,Type3,2024-05-30,8,600.27,0.14,6181.68,2774.08,2.3,Cancelled
FOO1885,Ryan Reese,East Jill,Missouri,South,A,Type1,2024-06-06,7,909.23,0.27,2703.47,716.93,1.4,Completed
FOO1886,William Curtis,Port Glenn,Iowa,South,D,Type2,2025-11-21,2,788.19,,492.91,3185.62,2.6,Pending
FOO1887,Paul Baker,Alexandrastad,Hawaii,East,C,Type2,2024-02-12,2,888.49,0.23,7393.03,446.4,1.4,Pending
FOO1888,Rachel Obrien,Dianaton,Massachusetts,West,A,Type3,2024-01-19,9,44.43,0.14,6296.1,2682.75,4.4,Completed
FOO1889,Tammy Ruiz,North Lisa,Georgia,East,A,Type1,2025-01-08,15,791.42,0.18,7632.8,4953.51,1.5,Cancelled
FOO1890,Timothy Hopkins,Powellhaven,Maryland,West,B,Type2,2025-11-19,2,628.85,,2249.93,1129.63,3.1,Cancelled
FOO1891,Amy Branch,Emilyburgh,Alaska,West,B,Type3,2025-08-21,13,982.01,0.02,9602.53,2676.71,4.1,Completed
FOO1892,Allison Thompson,West Mary,Montana,South,C,Type1,2023-11-05,6,556.8,0.28,7979.02,-472.98,3.3,Completed
FOO1893,Regina Davis DDS,Joshuaton,Connecticut,West,D,Type2,2023-09-11,1,405.62,0.29,3861.39,4275.62,1.4,Cancelled
FOO1894,Wesley Evans,East Alisonchester,Colorado,North,C,Type1,2024-04-13,7,754.54,0.29,6433.21,4096.63,2.6,Completed
FOO1895,Jennifer Griffin,West Paulfurt,California,East,A,Type1,2023-06-21,18,286.24,0.22,7511.59,4950.84,4.6,Pending
FOO1896,Gabriella Farrell,Onealbury,Wisconsin,East,C,Type3,2024-02-20,15,927.41,0.15,2619.9,2772.21,2.3,Cancelled
FOO1897,Mary Howell,North Jerry,Illinois,North,A,Type3,2023-09-28,12,416.06,0.04,1690.59,991.01,3.2,Cancelled
FOO1898,Bobby Hill,Prattfort,Nebraska,South,D,Type1,2025-03-20,5,307.37,0.01,7342.83,4448.88,3.5,Completed
FOO1899,Carl Glenn,North Jeffrey,South Carolina,West,D,Type1,2024-08-16,7,736.22,0.25,5298.63,3967.16,1.7,Pending
FOO1900,Tamara Patel,Heathershire,New Hampshire,North,A,Type3,2024-10-09,17,912.12,0.07,8898.27,-0.12,4.8,Cancelled
FOO1901,Cindy Parker,Thompsonstad,Georgia,South,C,Type3,2024-06-01,19,131.79,0.1,777.14,3920.29,3.8,Completed
FOO1902,Christopher Scott,East Michaelstad,Alabama,East,B,Type2,2025-12-20,15,299.15,0.21,9570.21,-73.12,3.3,Cancelled
FOO1903,Michael Woodard,Parksfurt,Idaho,West,A,Type1,2025-12-28,3,59.06,0.07,3101.64,2594.33,2.0,Cancelled
FOO1904,David Montgomery,East Ericaview,North Carolina,West,A,Type1,2025-06-28,14,434.19,0.29,6980.1,861.81,1.9,Pending
FOO1905,Jacob Parker,South Lisahaven,Arkansas,North,C,Type2,2023-09-01,10,98.11,0.01,403.83,4873.62,2.2,Completed
FOO1906,Raven Browning,Brandonberg,West Virginia,West,C,Type3,2024-02-07,3,789.59,0.01,179.9,1242.37,4.5,Cancelled
FOO1907,Darryl Thomas,Charleschester,Connecticut,East,B,Type1,2025-04-09,9,103.69,0.25,9092.0,909.38,3.9,Pending
FOO1908,Jessica Ferguson,East Stephaniefort,Mississippi,North,C,Type3,2023-07-10,11,696.79,0.27,4131.9,1782.97,4.8,Completed
FOO1909,Karen Byrd,Kevinville,Wyoming,West,A,Type3,2025-07-03,11,713.64,0.3,1237.78,4615.32,4.8,Cancelled
FOO1910,Lance Peterson,New Williamton,Arizona,West,B,Type1,2025-08-29,1,347.58,0.0,7479.28,2088.5,3.6,Cancelled
FOO1911,Shane Trujillo,Lisaside,West Virginia,West,D,Type2,2024-10-06,6,673.3,0.09,2633.96,1088.09,4.1,Completed
FOO1912,Brian Ross,East Shanebury,Alabama,South,A,Type1,2025-08-22,5,329.58,0.16,9657.75,4480.48,4.2,Cancelled
FOO1913,Michelle Garner,Hicksborough,California,South,B,Type2,2026-03-07,7,227.94,0.25,4383.58,4423.59,3.3,Pending
FOO1914,Michael Hanson,Vincentbury,North Dakota,West,C,Type3,2025-12-07,13,302.21,0.29,518.9,2562.95,1.5,Pending
FOO1915,William Barnes DDS,Timothyview,Delaware,South,D,Type2,2025-01-24,17,824.04,0.29,4159.37,-420.98,1.4,Pending
FOO1916,Gregory Knox,Port Annetteberg,Colorado,East,B,Type2,2024-10-12,18,952.2,0.23,5076.99,429.04,2.1,Completed
FOO1917,Elizabeth Smith,Kennedyhaven,Wyoming,East,B,Type3,2023-07-06,9,331.99,0.22,4927.64,2625.8,2.3,Pending
FOO1918,Gabriel Lopez,South Wendystad,Oregon,West,A,Type3,2024-01-16,17,479.0,0.3,9069.22,828.74,3.5,Pending
FOO1919,Curtis Jennings,Rodriguezville,Utah,South,A,Type2,2024-04-15,14,323.21,0.29,8886.01,2575.33,2.2,Completed
FOO1920,Mary Simmons,West Lori,New York,North,A,Type2,2024-08-01,17,225.51,0.1,8274.31,-28.12,1.9,Completed
FOO1921,Patricia Brown,New Aprilstad,Illinois,South,D,Type3,2024-11-24,4,107.89,0.11,984.75,2506.54,2.0,Cancelled
FOO1922,John Spencer,New Phillipport,Missouri,North,D,Type2,2024-04-25,12,355.73,0.28,9403.36,2544.26,1.3,Completed
FOO1923,Virginia Haley,Cookbury,Montana,South,C,Type3,2024-05-27,8,583.34,0.03,2855.99,4356.8,2.8,Pending
FOO1924,Tammy Waters,Thomaston,Utah,East,C,Type2,2026-05-04,19,538.64,0.05,585.87,1896.89,2.0,Cancelled
FOO1925,Robert Wade,Andersonbury,South Dakota,South,A,Type3,2026-01-18,17,125.2,0.25,9972.96,2873.67,1.6,Pending
FOO1926,Javier Rangel,Anthonybury,Tennessee,North,B,Type1,2024-08-04,3,779.18,0.26,722.48,350.27,4.2,Cancelled
FOO1927,Latoya Kennedy,Anthonyfort,Nebraska,North,B,Type1,2023-12-13,2,626.67,0.2,701.71,4325.49,3.5,Completed
FOO1928,Duane Johnson,South Timothy,Colorado,East,A,Type2,2025-11-03,5,380.9,0.22,8049.72,1065.78,2.4,Cancelled
FOO1929,Elizabeth Salinas,,Rhode Island,North,D,Type1,2024-10-14,6,841.96,0.05,795.13,3974.17,2.8,Pending
FOO1930,Victoria Hill,East Donald,Georgia,North,D,Type1,2025-02-22,19,514.39,0.01,4635.6,4903.54,2.1,Pending
FOO1931,Andrew Cruz,Romeroshire,Nebraska,East,D,Type1,2025-12-17,14,216.01,0.19,7078.95,2655.6,5.0,Pending
FOO1932,Sharon Mason,East Jamestown,West Virginia,West,A,Type1,2025-12-14,11,921.79,0.12,3389.35,,2.0,Completed
FOO1933,Brenda Rose,South Deborahshire,Colorado,North,B,Type1,2026-02-23,10,477.17,0.06,6684.6,1461.59,3.3,Completed
FOO1934,Ariana Harris,North Jenniferside,Tennessee,South,B,Type2,2025-08-08,4,373.84,0.12,9562.58,2633.45,4.9,Cancelled
FOO1935,Kathy Ibarra,Port Timothymouth,New Jersey,South,C,Type1,2025-06-28,6,854.74,0.1,9945.53,1862.4,3.8,Completed
FOO1936,Sally Schwartz,Port Patriciaton,Alabama,South,D,Type2,2025-02-19,18,735.67,0.3,5043.87,3597.84,4.6,Pending
FOO1937,Cheryl Reynolds,New Tylerfort,Connecticut,North,D,Type3,2024-11-30,18,288.69,0.2,7629.06,4775.43,2.4,Pending
FOO1938,Sara Yang,East Shannon,Missouri,South,B,Type3,2026-01-08,13,225.48,0.06,6599.64,423.37,2.4,Cancelled
FOO1939,Benjamin Middleton,Jonesshire,Maryland,West,D,Type1,2024-07-04,8,285.71,0.14,9183.56,2589.52,3.4,Completed
FOO1940,David Davis,North Jasmine,South Carolina,South,C,Type2,2026-01-21,2,329.32,0.2,9322.85,1206.69,2.3,Completed
FOO1941,Oscar Barry,Theresaview,Delaware,East,D,Type1,2025-04-04,12,330.18,0.25,5809.3,1336.74,3.3,Completed
FOO1942,Cassandra Hart,,Colorado,South,A,Type2,2024-04-14,15,508.14,0.22,3103.29,1544.51,5.0,Pending
FOO1943,Mr. Dean Wilcox,East Eric,Hawaii,South,D,Type2,2024-08-09,18,609.41,0.08,1319.64,2550.44,4.3,Cancelled
FOO1944,Melissa Herring,Williamsborough,Texas,East,A,Type1,2024-04-20,13,263.93,0.22,3636.87,607.58,3.6,Completed
FOO1945,Kristin Davis,New Alexanderbury,Illinois,South,C,Type2,2024-02-22,4,442.99,0.18,6996.73,4686.94,1.2,Cancelled
FOO1946,Joann Robinson,Port Deniseberg,Hawaii,East,A,Type3,2025-06-03,12,683.62,0.21,4050.44,3489.64,3.5,Completed
FOO1947,Elizabeth Rodriguez,Brooksshire,Nevada,South,A,Type3,2025-09-23,12,457.31,0.04,303.36,-68.91,1.6,Pending
FOO1948,Edward Mccormick,Adamchester,South Dakota,West,D,Type2,2025-01-06,4,572.91,0.13,6007.47,1398.72,2.9,Cancelled
FOO1949,Shannon Thomas,Port Melissastad,Florida,North,A,Type2,2024-11-28,19,66.29,0.14,4177.68,,1.1,Completed
FOO1950,William Smith,South Saraland,Wyoming,North,C,Type3,2025-12-24,7,806.19,0.07,2603.2,4584.68,2.3,Pending
FOO1951,John Greene,South Allisonhaven,Massachusetts,East,A,Type1,2023-07-08,16,408.93,0.03,3496.59,1990.95,4.9,Cancelled
FOO1952,Alexander Gross,Cantrellfort,Pennsylvania,North,B,Type1,2026-02-06,19,848.87,0.0,6966.08,1165.19,2.6,Pending
FOO1953,Christine Neal,West Jasonland,New Jersey,West,C,Type3,2024-11-24,12,438.03,0.09,457.45,2654.77,4.1,Pending
FOO1954,Leslie Davis MD,South Jill,Iowa,West,A,Type2,2023-08-02,9,596.9,0.2,3981.69,839.03,3.9,Pending
FOO1955,David Johnson,West Megan,Rhode Island,South,A,Type3,2025-05-08,6,131.18,0.02,859.25,,2.6,Pending
FOO1956,Jessica Shaffer,East Davidbury,Idaho,East,D,Type2,2024-08-21,9,512.81,0.11,7169.82,2725.7,3.7,Completed
FOO1957,Brian Weber,New Randall,Vermont,North,D,Type3,2025-09-09,8,328.61,0.15,9938.02,459.94,1.2,Pending
FOO1958,Emily Hernandez,Hardinghaven,Maine,North,A,Type1,2024-11-04,14,262.03,0.06,3815.99,693.94,3.7,Cancelled
FOO1959,Pamela Walker,Thomaston,Nevada,South,A,Type2,2025-01-20,18,913.21,0.3,8594.83,3958.61,4.4,Cancelled
FOO1960,Cory Johnson,Martinville,Montana,North,C,Type1,2024-07-18,18,389.55,0.26,8716.17,2394.86,1.5,Cancelled
FOO1961,Raymond Marshall,Annafurt,Maryland,North,A,Type1,2023-08-24,2,830.6,0.16,7152.65,442.93,2.8,Pending
FOO1962,John Bates DDS,Kristenstad,Maryland,West,D,Type2,2025-05-10,6,827.54,0.26,1278.55,-102.1,1.1,Pending
FOO1963,Brad Pratt,East Alexandermouth,Nevada,East,D,Type1,2023-06-25,1,769.78,0.21,7557.11,-499.13,4.5,Completed
FOO1964,Matthew Chase,West Beth,North Dakota,North,D,Type1,2024-12-12,6,685.71,0.1,4297.63,,3.0,Completed
FOO1965,Joshua Porter,,Georgia,East,A,Type2,2024-12-12,19,367.6,0.19,7504.29,3647.62,2.4,Completed
FOO1966,Derek Carpenter,West Jamesmouth,Wisconsin,North,B,Type1,2024-01-04,6,477.22,0.06,3123.01,1735.21,3.4,Completed
FOO1967,Deborah Morrison,Jeremyfort,North Dakota,South,C,Type3,2024-12-25,10,973.35,0.17,9371.78,133.14,4.9,Pending
FOO1968,Tyler Young,Port Lindsay,Texas,West,D,Type1,2024-08-26,14,221.63,0.03,673.63,2025.73,1.9,Pending
FOO1969,Antonio Oliver,Chenbury,Idaho,West,A,Type2,2025-02-25,4,657.93,0.12,9659.72,4517.85,4.1,Completed
FOO1970,Mrs. Deborah Shaw,Michaelfurt,Maine,South,A,Type1,2025-01-12,17,749.09,0.18,3454.73,1707.65,1.5,Pending
FOO1971,Terri Cooper,Butlermouth,Pennsylvania,North,B,Type3,2026-02-04,7,172.77,0.11,2051.23,-371.2,4.4,Completed
FOO1972,Jacob Reeves,Lucasfurt,Rhode Island,North,D,Type3,2023-11-29,5,501.44,0.04,6008.74,663.9,4.5,Pending
FOO1973,Bryan Lewis,Port Brandy,Illinois,North,B,Type1,2025-02-12,1,149.3,0.03,5297.62,2855.91,4.1,Completed
FOO1974,Brian Martin,Deborahshire,South Dakota,West,D,Type3,2023-06-09,17,534.7,0.09,8633.13,828.37,1.1,Completed
FOO1975,Pamela Hayden,Danielside,Oregon,North,C,Type3,2024-01-21,17,580.93,0.29,8041.0,4692.02,1.6,Completed
FOO1976,John Sanchez,Warnerville,Illinois,East,D,Type2,2025-06-01,15,173.42,0.27,5846.24,4191.04,3.9,Cancelled
FOO1977,Mr. Jason Valdez PhD,,Indiana,South,C,Type2,2024-03-30,1,506.6,0.27,4696.41,3405.37,3.1,Cancelled
FOO1978,Robert Chapman,Hutchinsonburgh,Ohio,North,D,Type1,2023-10-24,14,84.84,0.21,9982.78,1030.84,1.7,Cancelled
FOO1979,Sherry Cox,Port Juan,Missouri,North,B,Type1,2024-01-07,7,908.51,0.28,2278.18,-47.26,3.2,Completed
FOO1980,Justin Hayes,South Michelle,Illinois,East,B,Type2,2023-12-04,9,997.14,0.07,8148.2,3825.81,1.4,Cancelled
FOO1981,Linda Roberts,Lake James,Wisconsin,South,C,Type1,2023-08-23,2,972.86,0.24,3376.99,592.61,4.5,Cancelled
FOO1982,Stephen Baker,Dustinmouth,Wisconsin,North,A,Type2,2024-10-20,19,577.96,0.21,5044.5,3872.62,3.9,Pending
FOO1983,Michelle Murray,Port Taylormouth,West Virginia,North,D,Type1,2024-11-23,19,933.34,0.3,598.2,3947.24,2.2,Completed
FOO1984,Jacqueline Hodge,North Matthew,Georgia,South,C,Type3,2023-12-26,10,572.37,0.17,1961.01,3585.21,4.7,Cancelled
FOO1985,Deborah Gomez,New Michael,Alabama,North,D,Type1,2025-01-24,5,928.8,0.09,2875.04,-8.25,4.3,Cancelled
FOO1986,Bailey Taylor,Morganshire,Illinois,West,D,Type3,2025-05-19,14,431.71,0.0,1814.75,1182.21,2.7,Completed
FOO1987,Amanda Jackson,Port Leonview,Delaware,South,B,Type2,2024-05-19,6,980.75,0.27,1159.38,-6.18,4.8,Cancelled
FOO1988,Tina Davidson,Lake Catherine,New Mexico,East,A,Type3,2024-12-07,2,968.99,0.28,7334.0,2760.76,4.0,Cancelled
FOO1989,Alan Perry,New Saramouth,California,East,B,Type1,2024-07-08,2,933.22,0.24,6525.41,3935.61,1.5,Pending
FOO1990,Denise Jackson,North Nicoleborough,Arizona,North,B,Type2,2026-02-06,19,532.66,0.14,5895.27,3387.75,4.8,Cancelled
FOO1991,Tami Kelley,North Samantha,Kansas,East,C,Type3,2026-01-18,17,755.42,0.08,3831.0,4324.23,3.7,Pending
FOO1992,Anne Krueger,Harperborough,Hawaii,North,B,Type3,2026-01-04,2,159.78,,365.6,-474.33,1.1,Pending
FOO1993,Matthew Gross,North Brandon,South Dakota,North,A,Type3,2025-11-23,13,832.76,0.02,2629.19,4995.51,2.1,Completed
FOO1994,Taylor Greer,Harringtonmouth,Ohio,West,A,Type3,2024-04-08,3,624.49,0.05,4302.2,108.11,2.9,Completed
FOO1995,Jill Ford,Davidmouth,North Carolina,West,D,Type1,2023-08-16,10,399.76,0.06,5815.24,-218.05,2.2,Pending
FOO1996,Nicholas Woodward,North Betty,Alaska,East,C,Type2,2023-09-20,16,979.01,0.04,5183.48,2547.5,4.8,Pending
FOO1997,Jasmine Allison,Port Mary,Texas,North,D,Type1,2025-11-28,5,163.98,0.19,3508.8,237.22,4.2,Completed
FOO1998,Katherine Hamilton,South Rebecca,California,East,A,Type2,2025-02-28,11,869.0,0.08,1243.54,,1.6,Pending
FOO1999,Kyle Moore,North Kevinmouth,Mississippi,North,D,Type2,2024-01-05,15,261.16,0.11,1497.49,461.35,4.2,Completed
FOO2000,Joshua Smith,East Jennifer,New Mexico,East,A,Type1,2024-01-28,10,810.42,0.15,7443.57,2482.44,4.0,Cancelled
FOO2001,Maurice Barrett,Richardfort,Maine,West,B,Type2,2024-09-15,4,999.37,0.14,3063.64,3835.05,4.1,Completed
FOO2002,Justin Cannon,North Sydney,Nebraska,East,C,Type2,2025-11-22,3,464.69,0.14,8021.82,2386.98,3.7,Pending
FOO2003,Jamie Macdonald,Keithfort,Nevada,West,D,Type1,2025-08-27,4,845.83,0.29,7179.45,562.02,2.3,Completed
FOO2004,Latoya Shaw,Aliciafort,Virginia,North,C,Type3,2025-12-30,12,976.59,0.16,2084.39,2819.36,1.1,Pending
FOO2005,Dana Faulkner DDS,North Erika,Michigan,North,A,Type3,2026-01-28,11,883.59,0.22,8787.35,669.34,1.5,Cancelled
FOO2006,David Rice,Port Miranda,Arkansas,South,A,Type3,2024-03-10,18,407.79,0.28,1156.79,3417.05,4.3,Pending
FOO2007,Michael Miller,East Laura,Tennessee,East,D,Type1,2024-12-19,8,738.65,0.1,4906.96,619.34,2.0,Completed
FOO2008,Samantha Frye,New Donald,Hawaii,South,A,Type3,2026-01-19,14,995.96,0.12,6401.39,935.83,1.3,Cancelled
FOO2009,David Bennett,Youngshire,Kentucky,North,C,Type1,2025-04-03,18,25.89,0.3,7925.81,4285.17,3.8,Cancelled
FOO2010,Daniel Saunders,Port William,Michigan,East,C,Type3,2024-10-31,2,444.92,0.19,895.79,-441.94,3.7,Cancelled
FOO2011,Diana Williams,Lake Rhonda,Alabama,South,A,Type3,2024-12-27,2,351.17,0.15,6624.13,,3.7,Cancelled
FOO2012,Darlene Stokes,Lake Chelseastad,Georgia,South,B,Type2,2024-08-16,7,627.05,0.21,7553.6,3989.97,4.5,Completed
FOO2013,Robert Mcmahon,Rachelborough,Maryland,South,C,Type1,2025-12-06,2,969.06,0.28,8323.18,4453.46,3.8,Cancelled
FOO2014,Jeffery Houston,Barnesborough,Florida,North,B,Type1,2023-08-12,3,205.45,0.17,1201.83,,3.8,Pending
FOO2015,Caitlin Rodriguez,Harperbury,North Dakota,East,D,Type1,2024-05-13,15,824.82,0.22,6334.39,654.08,2.6,Pending
FOO2016,Tonya Livingston,Port Aprilhaven,Alaska,South,C,Type1,2025-10-11,15,516.11,0.28,3030.66,370.49,4.6,Cancelled
FOO2017,Laura Tate,South Michael,Arkansas,South,D,Type1,2025-12-13,5,387.95,0.29,7709.68,970.39,4.3,Completed
FOO2018,Danny Kidd,New Stevenside,Utah,South,D,Type2,2025-01-17,14,820.17,0.05,398.62,370.56,4.8,Completed
FOO2019,Beth George,Loritown,Idaho,South,B,Type3,2024-09-18,11,847.18,0.1,9096.02,3244.66,2.2,Completed
FOO2020,Michael Collins,Angelaport,Michigan,South,A,Type1,2025-05-16,19,718.41,0.3,2102.07,4902.3,2.6,Cancelled
FOO2021,Danny Carter,Joshuashire,New Jersey,East,A,Type1,2023-12-26,1,74.77,0.25,5224.19,3167.97,4.4,Cancelled
FOO2022,Troy Baker,South Patricia,Texas,West,A,Type3,2025-02-14,17,871.49,0.27,6400.39,4630.59,2.5,Cancelled
FOO2023,Derek Herrera,Boylemouth,Idaho,South,A,Type3,2023-12-16,9,836.56,0.24,7802.41,1972.4,2.4,Pending
FOO2024,Michael Smith,North Peggy,Florida,East,D,Type3,2023-08-06,15,283.88,0.22,4249.24,-461.38,4.0,Cancelled
FOO2025,Brandon Mcdonald,Ericafurt,Vermont,West,D,Type1,2025-01-01,9,605.89,,4058.28,1879.68,2.4,Pending
FOO2026,Dr. Morgan Smith,South Luke,Maine,South,D,Type1,2023-10-13,17,908.77,0.19,8766.06,,4.3,Completed
FOO2027,Matthew Rollins,South Derekburgh,Ohio,West,A,Type1,2025-11-05,6,290.74,0.23,9991.48,-96.48,1.2,Cancelled
FOO2028,Andrew Jones,South Shannon,Alaska,South,B,Type1,2024-05-02,3,422.27,0.26,8905.11,4419.09,3.3,Cancelled
FOO2029,Jennifer Anderson,Lake Codybury,Kansas,East,D,Type3,2026-05-06,8,88.31,0.05,2353.92,-176.16,3.5,Cancelled
FOO2030,Matthew Pierce,Port Austinmouth,Wisconsin,West,A,Type3,2025-12-21,5,385.44,0.22,4952.46,3232.21,3.5,Pending
FOO2031,Jennifer Rice,Jamesmouth,Missouri,North,B,Type3,2025-06-21,10,409.13,0.03,1528.16,547.92,1.2,Pending
FOO2032,Amanda Johnson,East Ryan,Delaware,South,D,Type3,2025-05-12,1,841.39,,7531.16,1650.62,1.9,Cancelled
FOO2033,Holly Hamilton,New Michaelton,North Dakota,North,A,Type2,2024-01-22,13,21.18,0.08,6270.86,644.48,2.7,Completed
FOO2034,Thomas Davidson,Dennismouth,North Carolina,West,C,Type3,2023-09-18,9,517.44,0.11,3653.09,-249.54,1.8,Completed
FOO2035,Kelly Payne,Adamsport,Oregon,East,C,Type2,2024-08-03,3,305.05,0.01,8525.55,3022.18,2.1,Completed
FOO2036,Lynn Jones,Port Joseburgh,West Virginia,South,A,Type3,2025-04-16,19,621.27,0.19,1995.64,-171.3,4.3,Completed
FOO2037,April Reyes,Lauraborough,Idaho,West,C,Type3,2025-10-18,19,75.07,0.0,4146.73,1254.55,4.7,Completed
FOO2038,Annette Williamson,New Jerrychester,Nevada,West,D,Type2,2023-11-25,13,438.49,0.07,2249.2,1753.55,4.7,Cancelled
FOO2039,Jason Lewis,Brandonborough,Washington,South,A,Type2,2024-04-12,3,799.84,0.0,8421.27,682.45,1.6,Completed
FOO2040,Jose Watkins,South Deborah,Indiana,North,A,Type1,2025-04-01,12,213.91,0.22,8246.88,3086.91,2.8,Cancelled
FOO2041,Justin Moody,Darrenland,Kentucky,West,B,Type1,2024-05-08,13,593.6,,3994.72,2667.74,2.1,Pending
FOO2042,Courtney Dixon,Lake Anthony,Idaho,South,B,Type1,2024-11-30,14,425.58,0.24,1029.67,2961.91,1.4,Pending
FOO2043,Denise Matthews,Maxwellberg,Arizona,East,C,Type2,2025-11-19,12,467.2,0.2,7088.64,2629.69,4.1,Cancelled
FOO2044,Elizabeth Brown,South Vincentmouth,North Carolina,North,A,Type2,2024-05-29,6,383.28,0.29,7724.64,4460.82,1.7,Cancelled
FOO2045,Dawn Wiley,Heatherview,California,South,A,Type3,2025-10-18,14,295.49,0.24,9920.28,4291.91,1.5,Pending
FOO2046,Jessica Walls,Lake Dawn,Kentucky,West,A,Type3,2025-02-18,3,141.39,0.28,1739.55,1708.25,3.7,Cancelled
FOO2047,Deanna Coleman,Port Catherineburgh,Wisconsin,East,B,Type3,2023-11-02,7,284.41,0.03,1246.29,1306.82,2.0,Pending
FOO2048,Jennifer Johnson,Calebfurt,Massachusetts,North,B,Type1,2024-06-06,2,990.26,0.08,5411.93,4560.15,2.4,Completed
FOO2049,Douglas Benson,Brettland,Connecticut,North,C,Type2,2024-08-26,15,948.53,0.09,2402.15,1746.62,2.3,Completed
FOO2050,Tyler Kennedy,Jaytown,Ohio,South,C,Type3,2024-12-28,13,52.02,0.28,979.08,849.5,3.0,Pending
FOO2051,Joshua Oconnor,Proctorside,South Carolina,East,B,Type2,2023-06-21,19,135.25,0.18,1997.6,2767.22,4.0,Cancelled
FOO2052,Kendra Gibson,Amberburgh,South Dakota,East,B,Type2,2024-04-29,16,846.22,0.13,3584.43,2721.42,3.2,Completed
FOO2053,David Sanchez,East Erikfort,New Hampshire,North,A,Type1,2025-07-11,14,184.23,0.05,3461.63,-289.32,2.8,Pending
FOO2054,Todd Butler,Jonathanhaven,Delaware,West,D,Type2,2026-04-05,4,401.46,0.15,9669.1,2816.94,2.3,Pending
FOO2055,Darren Hood,New Johnfurt,Hawaii,East,C,Type3,2024-02-13,13,99.08,0.29,4480.58,4641.77,4.3,Completed
FOO2056,Cory Cameron,North Jessica,Georgia,West,B,Type2,2023-12-18,10,79.57,0.07,7895.76,1111.23,1.9,Cancelled
FOO2057,Adam Wiggins,South Mitchellville,Ohio,West,B,Type2,2024-02-04,15,617.91,0.1,1130.01,379.0,3.8,Completed
FOO2058,Peter Morris,Lake Lisa,Connecticut,West,A,Type2,2024-04-21,16,820.2,,107.67,1564.19,2.1,Pending
FOO2059,Dr. Michael Landry,,Iowa,East,D,Type3,2024-01-14,4,175.32,0.01,883.36,-326.63,1.8,Completed
FOO2060,Rebecca Mcgee,Sarastad,Oklahoma,North,C,Type3,2024-06-10,2,580.93,0.06,8268.22,852.81,4.1,Cancelled
FOO2061,Paul Perry,Nicoleburgh,Wisconsin,West,A,Type1,2026-02-14,9,716.01,0.21,577.68,-228.2,3.6,Completed
FOO2062,Brooke Anderson,Bautistaland,Missouri,South,A,Type1,2024-01-27,2,970.53,0.08,9925.79,3328.55,4.9,Cancelled
FOO2063,Tracey White,Nelsonchester,Indiana,West,C,Type2,2025-09-19,3,998.29,0.14,3679.82,812.4,2.6,Completed
FOO2064,Larry Hayes,Gonzalezberg,North Dakota,West,D,Type1,2024-10-04,2,347.37,0.26,4796.15,3041.45,1.1,Cancelled
FOO2065,Amber Patterson,North Lori,Hawaii,East,A,Type2,2026-01-13,8,258.21,0.24,8146.47,4070.5,5.0,Completed
FOO2066,Richard Lewis,West Tammy,Maine,South,B,Type2,2023-08-29,7,623.63,0.25,9695.68,2610.16,1.9,Completed
FOO2067,Raymond Green,Jenniferside,Missouri,South,D,Type1,2024-03-11,13,183.1,0.23,3926.73,3977.5,3.2,Completed
FOO2068,Nancy Lopez,Port Victoriaport,Maine,North,D,Type1,2023-11-25,17,328.96,0.13,5980.53,4552.01,3.1,Completed
FOO2069,Paul Cooper,Kerrmouth,West Virginia,South,C,Type3,2024-10-13,14,584.88,0.18,6412.03,521.17,2.4,Cancelled
FOO2070,Susan Johnson,New Richard,West Virginia,South,B,Type2,2024-06-17,1,52.18,0.06,2535.77,886.64,1.4,Completed
FOO2071,Darryl Hall,East Curtis,Missouri,West,D,Type3,2023-12-08,13,447.6,0.25,6696.57,-328.02,3.3,Completed
FOO2072,Michael Munoz,Lewisbury,Florida,East,B,Type3,2026-05-10,4,310.76,0.02,9644.34,1310.97,2.7,Cancelled
FOO2073,Lori Serrano,New Rebecca,Mississippi,East,A,Type3,2023-09-13,12,102.58,0.28,2623.61,-402.31,1.6,Completed
FOO2074,Laura Davis,North Annashire,New Jersey,West,D,Type1,2024-11-10,7,119.03,0.25,4397.48,2114.31,1.3,Completed
FOO2075,Jason Lyons,New Ernest,Colorado,East,B,Type3,2025-08-10,15,349.24,0.06,8817.42,3880.82,2.3,Completed
FOO2076,Stephanie Diaz,Moralesshire,Iowa,East,D,Type1,2023-08-18,8,131.57,0.23,7204.64,1735.69,2.4,Completed
FOO2077,Jerry Fitzgerald,South David,Virginia,North,B,Type1,2026-02-08,18,675.53,0.1,5812.26,3335.26,2.9,Cancelled
FOO2078,Timothy Allen,Hamiltonland,North Carolina,East,C,Type1,2024-03-01,6,141.38,0.21,1523.79,784.84,3.4,Completed
FOO2079,Joseph Sanchez,South Soniaton,Kentucky,South,A,Type1,2026-03-18,13,231.82,0.05,8280.67,1084.49,2.8,Completed
FOO2080,Michael Dominguez,Stevenstown,Georgia,North,D,Type3,2024-03-06,8,411.34,0.26,9484.54,3598.95,2.8,Cancelled
FOO2081,Jennifer Clarke,Port Tracy,Illinois,North,B,Type3,2024-03-13,8,810.76,,3707.9,2024.13,3.3,Completed
FOO2082,Robert Holloway,Taylorstad,Kansas,North,D,Type3,2025-12-06,15,552.95,0.08,5992.89,,3.4,Cancelled
FOO2083,Melissa Stone,East Johnhaven,North Carolina,East,A,Type3,2025-09-21,8,669.69,0.27,1461.97,-174.18,4.2,Completed
FOO2084,Austin Diaz,Brookeville,Georgia,North,B,Type2,2024-03-18,16,393.22,0.17,9033.73,2613.38,2.5,Completed
FOO2085,Kyle Allison,Lake Kelli,Idaho,South,A,Type1,2024-07-07,4,341.48,0.23,1080.45,415.98,1.9,Completed
FOO2086,Maria Clark,,Minnesota,South,A,Type1,2023-09-16,16,727.93,0.3,4153.73,821.91,3.7,Completed
FOO2087,Melissa Lane,Heatherberg,Maryland,East,C,Type3,2024-01-11,4,385.69,0.13,5419.9,4404.34,4.2,Cancelled
FOO2088,Daniel Mcgrath,North Dianaton,Kansas,North,B,Type3,2023-08-29,2,638.64,0.07,1296.08,3407.68,2.1,Cancelled
FOO2089,Monica Alvarado MD,Allentown,Arkansas,South,C,Type2,2023-08-30,10,586.98,0.25,8629.4,-191.86,4.5,Pending
FOO2090,Brandon Roman,Jacobfurt,Ohio,North,A,Type3,2024-07-23,1,978.58,0.05,8295.25,2112.53,3.2,Cancelled
FOO2091,Amy Byrd,East Matthew,Alabama,South,C,Type3,2026-04-21,12,265.98,0.07,1808.58,3540.02,2.5,Completed
FOO2092,Charles Ward,South Susan,Indiana,South,B,Type1,2024-07-03,2,28.33,0.13,628.81,2495.12,4.6,Pending
FOO2093,Anthony Hernandez,New Devon,Oklahoma,South,C,Type2,2026-05-01,12,527.31,0.26,6035.8,1278.46,3.3,Completed
FOO2094,Alyssa Phillips,North Susan,Utah,East,B,Type2,2025-05-17,11,255.93,0.1,9473.66,-75.49,2.5,Pending
FOO2095,Kristina Tanner,Erikafurt,Montana,South,A,Type1,2025-02-05,5,967.46,0.26,3293.99,3989.97,3.2,Completed
FOO2096,Ashley Obrien,Smithville,Indiana,West,A,Type1,2026-03-03,1,723.82,0.2,8572.75,1417.36,3.0,Pending
FOO2097,Nicholas Garcia,New Roy,Michigan,East,B,Type1,2024-04-28,8,281.97,0.12,3199.18,1250.23,4.0,Cancelled
FOO2098,Kristina Watkins,East Allenborough,Kansas,East,A,Type1,2024-06-05,5,598.38,0.09,7668.45,2229.25,2.1,Cancelled
FOO2099,Robert Lee,Port Jeremy,Wisconsin,East,B,Type3,2023-12-22,8,161.85,0.09,5969.46,767.49,2.9,Completed
FOO2100,Chad Cochran,Lake Michaelhaven,Florida,West,B,Type1,2026-02-21,7,867.36,0.06,2844.51,472.05,3.1,Pending
FOO2101,Theresa Thomas,Rodgersland,Georgia,West,A,Type2,2023-07-23,5,338.4,0.12,9836.72,506.35,1.1,Pending
FOO2102,Kelly Munoz,North Jerrymouth,Ohio,South,C,Type1,2025-10-25,6,923.02,0.22,8652.12,4491.52,3.9,Pending
FOO2103,Katherine Sanders,Maureenville,Arizona,North,C,Type2,2024-03-22,17,391.23,0.1,1793.47,2618.77,1.2,Completed
FOO2104,Jorge Greene,Port Rileyside,Washington,North,C,Type2,2026-04-24,7,47.29,0.06,5244.45,4905.4,4.6,Completed
FOO2105,Christy Rodriguez,Bowmanstad,Missouri,West,D,Type2,2024-06-07,4,328.85,0.1,9092.57,1937.43,5.0,Pending
FOO2106,Andrew Haynes,New Michael,Illinois,West,A,Type3,2025-05-05,7,774.92,0.12,9222.37,-26.23,1.0,Completed
FOO2107,Timothy Marshall,,Texas,East,C,Type3,2025-08-21,12,624.69,0.28,4223.25,4647.78,2.4,Cancelled
FOO2108,Janet Anderson,Chloeview,Iowa,North,C,Type2,2024-09-20,16,794.03,0.19,5885.02,1650.48,1.1,Pending
FOO2109,Scott Hoover,Port Beckyfurt,Indiana,East,B,Type2,2026-02-14,10,676.98,0.26,6292.56,32.46,4.6,Completed
FOO2110,Laura Edwards,East Robin,New Jersey,East,B,Type2,2024-06-11,12,625.92,0.11,5770.62,2662.97,2.5,Cancelled
FOO2111,Lawrence Silva,Lewisbury,New Mexico,North,B,Type3,2024-01-03,19,265.34,0.3,6930.18,2032.53,3.7,Pending
FOO2112,Elizabeth Skinner,Port Gregory,Missouri,West,A,Type2,2026-03-24,18,626.97,0.07,251.68,444.7,4.2,Cancelled
FOO2113,Michele Smith,Larryside,North Carolina,West,B,Type2,2025-11-04,16,937.73,0.11,5355.11,3913.23,4.9,Pending
FOO2114,Michael Fitzgerald,Jenniferberg,New Jersey,East,C,Type2,2024-08-05,15,747.32,0.08,5906.16,-261.47,4.6,Pending
FOO2115,Heather Bryan,Gordonhaven,Florida,East,C,Type3,2024-02-23,4,160.38,0.25,7078.36,2730.12,1.7,Completed
FOO2116,Mark Forbes,Port Sarah,North Dakota,West,C,Type2,2026-04-08,5,471.41,0.11,6345.02,862.11,1.3,Cancelled
FOO2117,Lisa Webb,Harringtonfort,Illinois,East,B,Type2,2025-11-07,12,818.24,0.26,1894.58,3587.15,2.3,Pending
FOO2118,Danielle Rios,Port Jenniferland,South Dakota,North,B,Type1,2023-10-22,15,95.48,0.13,3764.15,2676.07,1.8,Completed
FOO2119,Fred Carter,,Maine,East,C,Type2,2024-04-25,4,121.6,0.11,4248.09,260.31,1.7,Cancelled
FOO2120,Daniel West,East Christopher,Alaska,West,C,Type2,2025-10-29,10,107.56,0.13,6749.18,282.97,3.0,Pending
FOO2121,Brandon Lopez,Ashleystad,Colorado,North,B,Type2,2025-10-09,1,311.24,0.19,6676.24,4582.8,2.3,Cancelled
FOO2122,Katherine Dunn,Doyleside,New Jersey,West,B,Type3,2026-02-15,16,510.22,0.04,7226.32,4258.03,2.1,Completed
FOO2123,Matthew Medina,Tranmouth,Nebraska,South,B,Type1,2023-06-22,15,612.09,0.07,6177.01,2836.78,4.9,Pending
FOO2124,Robert Gonzalez,Martinezhaven,New Mexico,South,A,Type3,2023-12-08,12,348.51,0.05,4013.06,4776.89,3.8,Cancelled
FOO2125,Matthew Lowe,South Courtneyfurt,North Carolina,North,D,Type2,2024-01-02,5,163.27,0.13,2661.48,939.86,1.5,Pending
FOO2126,Jason Johnson,Hayesstad,Nebraska,North,A,Type1,2026-02-23,2,289.42,0.05,1843.92,466.06,2.4,Completed
FOO2127,Harry Shaw,New Scottville,Alaska,South,A,Type2,2024-11-15,19,152.37,0.14,3588.25,4924.79,4.2,Completed
FOO2128,Casey Ware,Patriciaport,New Hampshire,South,C,Type1,2023-12-28,16,646.76,0.17,3656.76,3627.67,3.7,Cancelled
FOO2129,Daniel Peterson,New Luke,Iowa,East,A,Type2,2025-01-11,15,552.28,0.12,6649.08,-104.86,1.2,Cancelled
FOO2130,Joseph Ashley,Butlershire,California,South,C,Type2,2024-12-29,11,166.89,0.01,2874.13,2072.67,4.6,Completed
FOO2131,Stephanie Levy,Lake Lisaberg,North Dakota,East,A,Type3,2025-07-12,9,488.65,0.1,1658.02,2546.4,2.3,Pending
FOO2132,Claudia Wagner,Martinport,New York,East,A,Type1,2026-03-09,19,576.59,0.13,9749.43,1443.68,3.5,Cancelled
FOO2133,Andrea Burns,Thompsonton,Nevada,East,D,Type3,2026-04-05,10,280.26,0.07,470.01,4187.15,3.3,Cancelled
FOO2134,Richard Walker,West Richard,Connecticut,East,D,Type2,2025-09-07,15,189.66,0.24,9398.77,4612.52,1.8,Completed
FOO2135,Robert Farrell,Lake Madelinefurt,Delaware,North,B,Type3,2025-08-02,15,846.23,0.24,4277.7,1634.18,2.0,Completed
FOO2136,Deborah Chambers,Port Dianaside,Louisiana,West,B,Type1,2025-02-26,8,314.7,0.06,5636.95,-321.4,2.7,Cancelled
FOO2137,Kaitlyn Huynh,Morganstad,Kansas,East,B,Type3,2024-09-30,8,422.05,0.12,7993.14,3969.5,4.6,Cancelled
FOO2138,Keith Phillips,Matthewsburgh,North Dakota,South,D,Type2,2024-10-02,18,995.62,0.03,9000.95,-404.16,1.4,Completed
FOO2139,Christopher Jones,Douglasfort,North Dakota,South,B,Type3,2025-10-08,6,451.32,,9997.99,4049.43,1.9,Pending
FOO2140,Andrew Hayes,New Patriciaberg,Montana,North,C,Type1,2024-10-30,19,385.64,0.17,6429.16,2285.96,3.3,Completed
FOO2141,Jose Thomas,Watkinsberg,Georgia,South,A,Type1,2026-03-03,8,338.07,0.29,6384.02,2062.03,4.2,Cancelled
FOO2142,Ann Herman,New Ryanshire,Maryland,West,A,Type2,2025-08-05,13,233.33,0.16,1834.15,1513.14,5.0,Pending
FOO2143,Cassandra Jennings,Tammytown,Hawaii,East,D,Type2,2025-08-31,18,643.87,0.16,5070.83,3800.81,2.4,Cancelled
FOO2144,Megan Hernandez,Christineberg,Nevada,East,B,Type3,2025-02-03,17,743.06,,7374.08,3796.13,2.4,Pending
FOO2145,Joseph Davis,Jessicabury,Arizona,North,C,Type2,2025-04-26,11,207.79,0.24,9643.67,4578.0,2.2,Pending
FOO2146,Jeffrey Walker,Lake Timothy,Georgia,North,A,Type2,2024-12-25,11,572.8,0.11,474.4,4131.47,3.2,Pending
FOO2147,Jennifer Contreras,Stephanieton,Pennsylvania,North,C,Type3,2025-03-06,17,729.58,0.0,8193.68,3221.22,3.1,Pending
FOO2148,Sydney Powers,Sheltontown,West Virginia,North,B,Type2,2024-04-02,4,585.9,0.16,8176.01,497.83,2.3,Cancelled
FOO2149,Angela Harrison,East Michelle,West Virginia,North,C,Type3,2024-10-27,13,942.76,0.11,4365.08,-490.41,3.9,Pending
FOO2150,Melissa George,Duncantown,Montana,East,B,Type1,2025-05-11,9,571.02,0.02,4058.66,1967.45,4.5,Completed
FOO2151,Jacob Buchanan,Davisfurt,Mississippi,West,C,Type3,2025-10-24,14,130.52,0.11,9513.56,2710.27,3.3,Completed
FOO2152,Cameron Walsh,South Williamside,Illinois,West,D,Type2,2025-08-29,17,968.76,0.28,3821.25,1234.69,2.2,Pending
FOO2153,Sharon Roberts,Evansside,Florida,West,D,Type2,2026-04-14,12,742.87,0.24,635.3,3610.89,2.5,Completed
FOO2154,Jonathan Nelson,Underwoodberg,Iowa,North,C,Type2,2026-04-10,18,786.33,0.03,8682.6,1717.14,2.9,Pending
FOO2155,Jennifer Barnett,,North Carolina,South,A,Type1,2024-03-13,11,543.94,0.14,8941.49,3404.94,4.6,Pending
FOO2156,Leonard Russell,Lake Travis,North Dakota,West,C,Type2,2024-10-08,17,317.52,0.04,5460.26,3579.75,4.4,Pending
FOO2157,Norma Thomas,Port Jenniferton,Alaska,East,C,Type1,2024-08-20,11,975.31,0.06,9064.61,798.91,3.8,Completed
FOO2158,Laura Maldonado,North Holly,Florida,West,A,Type2,2026-02-19,8,789.19,0.18,6482.38,3238.7,1.3,Pending
FOO2159,Jennifer Mcmillan,New Joshualand,Washington,East,C,Type2,2024-04-09,1,153.68,0.0,1454.8,4661.92,2.8,Pending
FOO2160,Anthony Murphy,Port Karenfort,California,East,D,Type3,2026-03-16,17,364.5,0.19,1768.88,1432.56,4.3,Completed
FOO2161,David Mckee,Lisaville,Montana,South,A,Type1,2025-05-24,7,899.66,0.06,4664.69,1622.12,4.0,Cancelled
FOO2162,Alexander Woods,New Anna,Idaho,South,D,Type1,2024-06-07,11,601.16,0.28,4991.28,-145.22,4.2,Pending
FOO2163,Kenneth Thomas,East Mackenzieside,North Carolina,North,C,Type3,2024-01-04,10,128.06,0.01,5010.38,,2.1,Cancelled
FOO2164,Jonathan Barnes,Martineztown,New Mexico,West,C,Type3,2023-08-23,8,123.29,0.0,9509.19,4007.56,2.7,Pending
FOO2165,Jeffrey Baker,West Gregoryton,New Hampshire,West,C,Type1,2024-03-14,8,136.42,0.17,5040.48,2210.0,4.6,Completed
FOO2166,Leslie Roberts,Lindseyton,California,South,D,Type3,2025-02-10,18,47.55,0.03,6704.78,1312.91,2.9,Completed
FOO2167,Vincent Klein,Ortizfurt,Michigan,West,B,Type1,2026-01-31,18,545.2,0.12,8478.09,1522.63,5.0,Completed
FOO2168,Amber Brady,Rasmussenfort,Connecticut,West,D,Type3,2025-06-12,13,682.82,0.17,8251.67,75.9,2.5,Cancelled
FOO2169,Justin Williams,Port Donnamouth,California,West,A,Type1,2025-06-21,7,455.43,0.17,6915.59,-204.14,3.8,Completed
FOO2170,Tyler Montgomery,Port Jeremy,Wyoming,South,A,Type2,2023-08-04,10,497.29,0.17,9562.5,4414.04,4.0,Completed
FOO2171,Edward Fischer,East Juliastad,Ohio,East,D,Type1,2024-10-13,4,88.51,0.1,3223.91,4188.59,1.5,Completed
FOO2172,Ariel Maddox,Lopezview,Utah,East,A,Type1,2023-10-09,1,345.79,0.23,8893.52,4798.25,2.0,Cancelled
FOO2173,Angela Morrow,Lake Tiffanyport,Rhode Island,West,C,Type3,2023-12-01,2,678.03,0.15,3179.93,3104.52,4.0,Pending
FOO2174,Bob Fischer,,Florida,South,A,Type2,2024-07-31,18,415.08,0.26,5588.16,2914.32,4.3,Completed
FOO2175,Ashley Gutierrez,New Steven,Georgia,East,B,Type3,2024-06-19,15,234.38,0.03,1729.2,1954.46,3.0,Completed
FOO2176,Donna Robinson,Lake Jamesmouth,Louisiana,West,A,Type3,2025-02-02,3,493.09,0.08,7465.98,1677.79,2.7,Completed
FOO2177,Thomas Young,New Tracy,Wyoming,South,A,Type3,2025-01-11,12,148.53,0.02,6307.44,993.98,1.2,Completed
FOO2178,Lindsey Juarez,Port Brittanyhaven,Maine,South,D,Type3,2024-01-14,6,419.54,0.09,9314.3,3985.84,2.1,Pending
FOO2179,Tara Wood,Smithmouth,Tennessee,South,B,Type2,2025-12-08,18,586.33,0.27,4232.52,-410.56,4.6,Cancelled
FOO2180,Kristina Moore,South Nathaniel,Michigan,North,C,Type3,2025-11-14,1,201.4,0.27,4774.13,1962.46,3.8,Completed
FOO2181,David Lucas,West Christopherview,Colorado,East,A,Type1,2023-11-17,11,877.65,0.25,832.07,910.31,4.3,Cancelled
FOO2182,Micheal Cook,Meghanburgh,Delaware,South,D,Type2,2025-10-10,13,373.87,0.12,7368.28,2757.91,1.4,Pending
FOO2183,Julie Johnston,New Johnnyville,Montana,West,A,Type2,2024-04-01,2,65.81,0.21,9696.56,1551.02,3.5,Cancelled
FOO2184,Samantha Duncan,South Mathewburgh,Washington,North,B,Type3,2026-01-07,1,104.67,0.26,8461.53,3672.17,1.7,Completed
FOO2185,Kathleen Rodriguez,New Timothy,North Carolina,East,B,Type2,2024-12-04,1,778.25,0.29,6974.99,698.86,2.7,Cancelled
FOO2186,Jamie Abbott,West Darrenshire,North Dakota,West,D,Type3,2024-05-21,5,989.64,0.08,8646.17,1165.1,1.9,Pending
FOO2187,Tanya Davenport,Johnsonside,Montana,East,B,Type3,2023-09-13,5,64.41,0.23,3404.83,,1.7,Pending
FOO2188,Jessica Johnson,Brennanfurt,Kentucky,North,B,Type3,2023-05-31,6,253.25,0.03,5493.37,2915.65,1.3,Cancelled
FOO2189,Jonathan Diaz,Montgomerystad,Arizona,East,D,Type2,2025-05-14,1,780.92,0.0,1201.68,2765.1,1.9,Completed
FOO2190,Benjamin Clark,Maryland,Illinois,West,A,Type3,2024-10-25,18,223.66,0.28,3869.87,4482.97,5.0,Pending
FOO2191,Jeffrey Taylor,Michaelview,Ohio,East,A,Type1,2025-04-15,18,809.69,0.2,2503.71,-342.08,3.6,Cancelled
FOO2192,Cheryl Barrett,Lake Markport,Oregon,North,C,Type1,2023-09-29,4,712.28,0.29,547.74,1697.49,3.3,Completed
FOO2193,John Lopez,Port Jennifer,Montana,North,D,Type2,2025-06-08,10,470.18,0.21,1028.8,-499.19,2.4,Completed
FOO2194,Kristin Carpenter,South Richardberg,Utah,North,D,Type1,2024-03-02,19,102.68,0.11,9970.48,2824.96,1.7,Completed
FOO2195,Gloria Leonard,Lake Lynnfort,Montana,North,D,Type1,2024-04-07,10,277.84,0.21,9340.61,1231.62,2.1,Pending
FOO2196,William Ellis,West Amberhaven,Iowa,East,D,Type1,2024-04-01,16,315.79,0.24,7240.26,-279.17,4.3,Completed
FOO2197,Sarah Chapman,Smithstad,Connecticut,East,C,Type3,2025-09-24,15,973.85,0.01,4626.36,2919.5,1.8,Cancelled
FOO2198,Kimberly Gonzalez,North Brianland,Maine,East,B,Type3,2025-11-21,16,928.35,0.25,4022.52,4218.57,4.9,Completed
FOO2199,Danny Lawrence,Lake Donald,Kentucky,West,B,Type3,2026-04-28,4,49.13,0.14,6794.71,4185.59,2.0,Pending
FOO2200,Diana Pitts,Odonnellchester,New Mexico,East,D,Type2,2025-10-06,6,832.98,0.08,2495.13,3938.95,3.3,Completed
FOO2201,Brian Ferguson,East Jacob,Utah,North,C,Type2,2024-01-19,16,516.68,,2774.94,1910.93,1.8,Cancelled
FOO2202,Tony Payne,North Cody,Delaware,South,A,Type1,2024-02-25,19,538.78,0.0,9025.78,-409.96,4.8,Cancelled
FOO2203,Susan Blevins,West Haleytown,Michigan,East,D,Type1,2025-12-08,10,667.2,,1044.66,2850.43,3.2,Completed
FOO2204,Jordan Khan,New Janetberg,New Jersey,East,A,Type1,2024-07-30,9,928.39,0.17,850.36,4560.97,4.1,Pending
FOO2205,Sheri Thompson,,Massachusetts,West,C,Type3,2023-10-24,7,902.87,0.04,4476.31,1231.64,1.3,Pending
FOO2206,Steven Martinez Jr.,Lake Bianca,Ohio,South,D,Type3,2025-09-01,17,676.08,0.26,4217.45,-417.9,3.5,Completed
FOO2207,Kelly Davis,Joyceland,Montana,West,C,Type2,2024-01-14,3,624.28,,4183.79,1670.73,3.6,Completed
FOO2208,Joshua Herrera DDS,Lake Patriciafurt,New Jersey,East,C,Type2,2023-11-25,2,187.98,0.04,4673.13,4965.62,2.4,Completed
FOO2209,Amanda Norris,Josephland,Ohio,North,B,Type1,2026-01-01,14,59.81,0.21,3279.48,2782.32,2.1,Pending
FOO2210,Amy Allen,Hallview,Alabama,North,B,Type1,2024-07-29,16,821.02,0.23,2190.39,3538.32,3.3,Pending
FOO2211,Amber Preston,Christophertown,North Carolina,South,A,Type1,2024-10-03,13,304.21,0.12,837.63,2907.32,4.5,Pending
FOO2212,Jennifer Wilson MD,Kentburgh,Ohio,North,B,Type3,2024-04-30,8,592.84,0.22,1646.83,1638.98,2.8,Completed
FOO2213,David Robbins,West James,Mississippi,South,B,Type2,2025-06-10,4,845.86,0.29,430.38,1277.33,4.6,Pending
FOO2214,Neil Hanson,North Peterchester,Texas,South,C,Type2,2024-06-02,14,884.98,0.23,3590.92,3130.51,2.8,Completed
FOO2215,Lori Andersen,West Kim,Virginia,West,A,Type3,2024-11-19,13,656.27,0.24,320.13,2636.99,2.2,Cancelled
FOO2216,Janice Boyd,South Shannonview,Massachusetts,North,A,Type3,2025-12-15,3,142.74,0.18,3152.27,3827.14,1.2,Completed
FOO2217,Benjamin Salazar,New Teresaton,Arizona,West,B,Type3,2023-09-14,6,600.87,0.26,2209.9,2790.74,3.9,Completed
FOO2218,Susan Campbell,Mooremouth,Kansas,West,B,Type2,2025-05-23,8,414.75,0.27,6740.76,927.52,3.9,Pending
FOO2219,Charles Tran,East Jeffery,Iowa,North,B,Type1,2025-11-25,5,65.86,0.07,6523.84,-84.51,3.7,Completed
FOO2220,Alison Rodriguez,Josephshire,Pennsylvania,West,A,Type2,2025-03-26,14,988.2,0.04,4429.74,1383.92,1.5,Cancelled
FOO2221,Eugene Owens,Sandersfort,Mississippi,South,A,Type3,2023-11-14,12,316.32,,7240.73,2591.49,3.6,Cancelled
FOO2222,Erin Guzman,East Natalieshire,Iowa,South,A,Type3,2025-12-16,9,531.64,0.1,3611.36,132.19,4.4,Cancelled
FOO2223,Lauren Carr,Alvareztown,South Carolina,South,A,Type3,2024-12-29,18,818.61,0.15,1600.88,3519.97,3.7,Cancelled
FOO2224,Briana Cruz,Christopherport,Alabama,East,B,Type1,2024-08-30,7,510.08,0.13,509.62,3521.24,3.5,Completed
FOO2225,Michael Vargas,Gordonborough,Alaska,North,C,Type3,2025-11-12,18,247.55,0.05,552.11,514.19,4.6,Pending
FOO2226,Joseph Hamilton,Port Chloechester,Colorado,North,B,Type3,2024-06-22,11,186.36,0.16,5440.07,4382.67,3.9,Completed
FOO2227,Robert Lambert,North William,Michigan,East,C,Type3,2023-10-02,6,922.21,0.1,8224.16,3908.69,2.2,Cancelled
FOO2228,Dr. Joyce Farley DVM,,Kansas,East,A,Type2,2025-04-25,11,429.54,0.26,6078.28,3129.75,3.9,Pending
FOO2229,Dennis Ruiz,Smithberg,South Carolina,West,C,Type2,2025-10-25,13,289.17,0.26,3458.91,557.99,5.0,Pending
FOO2230,Joshua Wagner,Sheilaland,Arkansas,South,B,Type3,2023-08-07,7,513.45,0.14,5379.23,1544.07,2.6,Cancelled
FOO2231,Jeremy Dalton,Port Traceyton,New Mexico,South,B,Type1,2025-01-01,17,233.57,0.05,8645.9,1402.59,1.6,Completed
FOO2232,Pamela Sparks,Leetown,Rhode Island,South,A,Type3,2026-02-17,12,297.75,0.25,8339.57,2040.25,1.1,Cancelled
FOO2233,Alexis Thompson,New Stephanieton,Tennessee,South,B,Type2,2025-10-12,9,759.89,0.04,6339.62,3498.24,2.1,Cancelled
FOO2234,James Johnson DVM,West Sharon,New York,South,A,Type1,2025-06-17,1,790.1,0.11,6399.35,916.83,3.9,Cancelled
FOO2235,Rachel Farrell MD,West Curtis,Minnesota,South,C,Type1,2025-03-02,16,321.99,0.09,4731.84,4399.74,3.6,Completed
FOO2236,Kristen Martin,East Virginia,Montana,South,A,Type2,2023-12-04,10,68.98,0.16,9943.96,1397.84,4.6,Pending
FOO2237,Holly Jenkins,East Allison,North Carolina,West,A,Type3,2026-02-27,4,384.14,0.25,7138.97,,4.5,Completed
FOO2238,Adam Brown,Dalefurt,South Dakota,North,A,Type2,2025-02-14,3,680.78,0.02,5387.03,136.2,1.9,Pending
FOO2239,Kathryn Hatfield,Josechester,Delaware,North,A,Type3,2025-12-28,4,909.81,0.07,9027.14,2952.99,1.7,Cancelled
FOO2240,Susan Clark,Brittanyland,Virginia,West,C,Type3,2026-05-26,13,741.48,0.09,2006.72,3976.2,3.0,Cancelled
FOO2241,Joshua Peck,Mitchellview,South Carolina,East,A,Type1,2025-04-15,9,179.45,0.3,858.03,2743.69,1.1,Cancelled
FOO2242,Jennifer Cummings,Joemouth,Vermont,East,D,Type3,2025-10-28,7,500.98,0.09,1212.3,2845.34,2.0,Cancelled
FOO2243,Jesse Kelly,Lake Michael,Oklahoma,South,D,Type1,2024-04-27,16,323.25,0.28,9437.62,3048.13,1.7,Cancelled
FOO2244,Diana Baldwin,Lake Erin,Ohio,West,C,Type3,2024-02-19,16,710.87,0.04,487.89,3674.83,2.2,Cancelled
FOO2245,Emily Fernandez,Nelsonmouth,Arizona,South,B,Type3,2024-04-22,2,970.63,0.07,6214.86,2229.56,2.4,Completed
FOO2246,Michael Campbell,East Amy,Georgia,South,C,Type2,2025-06-29,7,152.15,0.06,8681.7,3959.3,1.5,Cancelled
FOO2247,Heather Harris,Brownburgh,North Dakota,North,D,Type2,2023-12-15,6,309.53,0.06,5072.44,2708.83,1.8,Pending
FOO2248,Madison Hooper,North Jonathan,Ohio,North,A,Type1,2026-01-06,9,575.39,0.12,2651.12,3511.88,3.8,Cancelled
FOO2249,Jacqueline Salazar,Lopezhaven,North Carolina,South,C,Type3,2025-12-05,3,202.59,0.08,7742.47,1488.19,4.9,Pending
FOO2250,Megan Ford,West Jamesborough,Louisiana,East,A,Type2,2025-04-26,8,401.61,0.19,9522.6,-213.59,1.0,Pending
FOO2251,Julie Greene,Lauramouth,Arkansas,South,A,Type1,2025-12-25,10,817.63,0.08,1498.35,2004.99,4.9,Completed
FOO2252,Scott Cross,Caseberg,Kansas,South,A,Type1,2025-10-01,14,350.45,0.19,7343.61,9.45,1.3,Cancelled
FOO2253,Ryan Sanchez,Shelleyshire,Tennessee,East,C,Type3,2023-11-30,6,185.59,0.02,7514.87,2442.41,2.5,Cancelled
FOO2254,Robert Hunter,New Paula,Pennsylvania,South,C,Type3,2026-04-20,19,341.52,0.04,6297.47,-237.06,2.5,Pending
FOO2255,Christina Petersen,Eatonstad,Wisconsin,North,B,Type1,2024-05-23,15,750.77,0.16,3116.19,,2.0,Pending
FOO2256,Jonathan Bailey,Kimside,Missouri,West,D,Type2,2024-06-10,12,297.16,0.14,1266.1,3621.64,2.1,Cancelled
FOO2257,Sharon Wright,Sanchezhaven,Rhode Island,North,A,Type2,2023-09-10,2,619.5,0.29,446.42,4943.69,2.6,Pending
FOO2258,Cynthia Carter,Crystalmouth,Idaho,East,D,Type2,2025-07-21,9,813.42,0.28,7366.48,937.12,1.6,Cancelled
FOO2259,Heather Rodriguez,Harrisside,Delaware,East,B,Type2,2024-03-16,19,178.95,0.09,6218.44,234.24,3.8,Completed
FOO2260,Jeffrey Newton,Grahamton,Minnesota,West,A,Type1,2026-04-25,17,838.42,0.25,3205.21,3182.2,1.3,Cancelled
FOO2261,Sheena Cunningham,New Catherine,North Dakota,West,D,Type1,2024-11-18,4,426.73,0.0,2467.78,,2.6,Completed
FOO2262,Matthew Graham,Carterport,Kentucky,South,C,Type3,2024-06-25,5,717.3,0.25,5151.47,-355.92,2.0,Pending
FOO2263,Kristen Campbell,Susanfort,Wisconsin,West,C,Type3,2024-12-16,2,890.5,,208.44,4797.61,1.6,Completed
FOO2264,Jessica Miranda,North Amy,Oregon,East,D,Type1,2026-03-03,16,932.28,0.21,5114.77,4417.29,2.3,Cancelled
FOO2265,Matthew Gomez,New Brandy,Maryland,West,A,Type2,2024-07-24,12,369.68,0.15,4775.99,602.7,1.4,Cancelled
FOO2266,Brian Martin,West Dianeshire,Kentucky,South,D,Type3,2024-05-16,10,988.31,0.26,3539.71,2371.15,4.6,Completed
FOO2267,Timothy House,Buckleyton,Tennessee,North,C,Type3,2025-11-12,17,553.6,0.16,2629.2,4038.06,3.4,Pending
FOO2268,Michael Torres,New Eric,New Hampshire,South,C,Type1,2024-06-16,8,774.0,0.09,2287.44,4479.78,2.5,Completed
FOO2269,Joyce Hanson,Whitefort,Vermont,South,B,Type3,2024-01-01,3,419.64,0.28,3018.96,2809.83,2.7,Cancelled
FOO2270,Rebecca Ramirez,Fordfort,Indiana,East,B,Type1,2023-11-07,5,333.88,0.05,3912.36,1234.06,3.1,Completed
FOO2271,Mark Steele,South Debbietown,Michigan,East,C,Type1,2023-11-15,8,678.63,0.14,5343.89,3461.8,4.6,Pending
FOO2272,Alisha Bowen,New Alex,South Dakota,West,C,Type3,2025-02-22,13,175.78,0.04,8800.23,837.45,5.0,Completed
FOO2273,Ashley Santana,Russellberg,Maine,West,D,Type2,2023-09-30,5,907.3,0.03,287.65,1562.0,2.1,Pending
FOO2274,Sara Jones,North Patricia,Oregon,North,D,Type1,2025-08-09,17,896.23,0.02,812.86,3094.93,1.3,Completed
FOO2275,Aaron Butler,New Ana,Connecticut,East,B,Type2,2025-01-31,14,963.67,0.08,8723.43,569.35,3.6,Cancelled
FOO2276,Micheal Webster,Rosalesburgh,Nebraska,West,A,Type3,2023-08-14,4,385.17,0.23,6317.66,3281.46,3.1,Pending
FOO2277,Robert Pearson,Mariahland,Minnesota,West,D,Type2,2024-05-20,14,239.08,,388.2,3076.45,3.8,Cancelled
FOO2278,Erik Johnson,Ortizfort,Louisiana,South,A,Type2,2025-06-02,12,362.42,0.25,7373.84,3586.44,1.8,Completed
FOO2279,Michele Crosby,New Lisa,Nevada,South,A,Type1,2025-01-30,19,551.09,0.09,7147.04,3420.16,2.6,Cancelled
FOO2280,Monica Peterson,Cherylburgh,Alaska,North,D,Type1,2024-05-10,16,49.11,0.14,4208.64,2416.83,1.2,Completed
FOO2281,Frances Long,North Loganville,Oregon,South,D,Type1,2023-11-29,15,513.34,0.19,8327.47,2334.21,3.9,Pending
FOO2282,Jessica Cooper,Port Nicole,Hawaii,North,C,Type1,2023-11-04,9,33.73,0.1,4022.65,4475.44,2.4,Cancelled
FOO2283,Sarah Meadows,East Stanley,Oklahoma,South,A,Type1,2024-11-24,8,801.69,0.1,1485.97,3439.48,3.6,Cancelled
FOO2284,Jessica Velasquez,Thomasburgh,Oregon,West,D,Type2,2024-05-29,5,456.81,0.06,2442.73,4139.96,3.2,Completed
FOO2285,Maria Jackson,Sandratown,West Virginia,North,C,Type2,2025-10-04,4,260.0,0.16,2375.99,-42.77,3.5,Cancelled
FOO2286,Amber Hughes,,Maine,North,D,Type2,2024-02-10,13,60.4,0.28,7962.92,311.78,4.0,Cancelled
FOO2287,Shelby Benitez,Rachelview,Arkansas,South,A,Type1,2025-03-31,11,600.99,0.02,242.62,4402.48,1.6,Pending
FOO2288,Nicole Adams,Port Melissaland,Louisiana,South,A,Type3,2023-11-07,9,487.32,0.29,7659.7,1227.25,3.7,Cancelled
FOO2289,Whitney Frazier,West Leahfurt,Georgia,West,C,Type1,2024-12-05,19,843.11,0.27,7610.62,1707.36,5.0,Completed
FOO2290,Aaron Zimmerman,,Pennsylvania,East,B,Type3,2026-04-28,9,920.78,0.12,9196.43,3883.93,3.9,Completed
FOO2291,Jamie Austin,Lake Bradleybury,Tennessee,North,C,Type1,2025-07-25,16,521.43,0.01,9917.16,,2.2,Cancelled
FOO2292,John Conley,Tracyville,Montana,South,A,Type1,2024-07-24,1,301.15,0.01,5241.92,3964.02,2.1,Pending
FOO2293,Paula Koch,Salazarfort,North Carolina,North,D,Type3,2024-11-21,8,193.07,0.29,6305.22,2037.58,2.4,Pending
FOO2294,Amanda Nelson,Port Tylermouth,Iowa,West,B,Type3,2024-07-14,1,65.98,0.18,4468.35,1705.53,3.4,Pending
FOO2295,Natalie Coleman,Jesseburgh,Minnesota,East,C,Type2,2024-02-17,16,442.41,0.21,1884.21,4102.34,1.8,Cancelled
FOO2296,Edward Gonzalez,Lake Bradley,California,West,C,Type3,2023-09-17,13,499.54,0.09,4315.93,3789.96,4.5,Cancelled
FOO2297,Gerald Hudson,East William,Kansas,East,A,Type2,2023-12-03,1,220.67,0.26,1787.26,1496.07,4.3,Completed
FOO2298,Amanda Osborne,Carlborough,Arkansas,South,D,Type2,2025-10-01,5,81.51,0.06,6630.85,4541.64,2.3,Pending
FOO2299,Robert Griffith,Hannahton,Indiana,East,D,Type2,2024-05-08,4,742.35,0.21,9182.56,2479.72,1.4,Cancelled
FOO2300,Wyatt Peterson,Robertport,New Hampshire,North,C,Type3,2025-01-01,13,552.59,0.04,3034.97,2713.29,4.3,Pending
FOO2301,Janice Juarez,West Jessica,Indiana,North,B,Type3,2025-11-03,3,882.07,0.29,4121.38,2126.05,3.2,Pending
FOO2302,Beverly Clark,Lisatown,Kansas,East,A,Type3,2025-05-20,11,792.01,0.26,3029.2,4602.57,4.4,Cancelled
FOO2303,Lisa Garcia,South April,Delaware,West,C,Type1,2023-10-26,1,100.17,0.26,2143.48,2662.44,1.8,Pending
FOO2304,Anthony Shepherd,South Matthewburgh,Florida,West,C,Type3,2024-10-17,8,644.4,0.3,2431.7,1861.23,3.4,Completed
FOO2305,Mitchell Ross,Port Lucasfort,Kansas,East,C,Type3,2025-11-08,2,903.0,0.07,8041.92,3562.11,3.9,Cancelled
FOO2306,Jane Byrd,Jonesberg,Iowa,North,D,Type1,2023-11-08,8,666.06,0.27,9990.9,57.72,2.8,Completed
FOO2307,Terri Jefferson,Ashleyburgh,Hawaii,East,D,Type3,2024-10-01,3,579.94,0.21,3093.5,2704.43,1.1,Completed
FOO2308,Scott Waller,North Juliaview,Wisconsin,North,C,Type1,2026-01-30,19,902.84,0.24,2847.97,4112.7,2.0,Cancelled
FOO2309,Tammy Mueller,Jamieton,Michigan,South,A,Type1,2024-08-04,15,579.95,0.12,7722.24,4981.3,3.2,Completed
FOO2310,Denise Powell,Leblancburgh,Oregon,North,D,Type2,2026-01-01,3,941.87,0.23,6205.44,554.84,3.6,Pending
FOO2311,Bailey Holloway,North Michael,Massachusetts,West,B,Type1,2024-02-01,10,737.75,0.21,8980.12,24.52,1.3,Completed
FOO2312,Jonathan Wheeler,Johnton,New Jersey,East,B,Type1,2024-07-09,18,186.29,0.22,8859.61,,1.5,Completed
FOO1843,Timothy Morrison,Lake Bethanystad,North Dakota,North,A,Type1,2025-07-06,10,129.28,0.13,8269.61,-320.91,3.2,Completed
FOO2172,Ariel Maddox,Lopezview,Utah,East,A,Type1,2023-10-09,1,345.79,0.23,8893.52,4798.25,2.0,Cancelled
FOO1860,Kimberly Phillips,Bankschester,Maine,South,A,Type2,2026-05-23,11,879.22,0.09,2572.92,697.49,3.1,Pending
FOO1646,Anne Carter,South Ericmouth,Oklahoma,North,A,Type3,2023-08-27,1,480.65,0.08,3990.01,4983.56,3.1,Cancelled
FOO1746,Ronnie Martinez,Alanfurt,Connecticut,West,D,Type3,2024-07-18,6,168.93,0.28,8080.04,194.46,4.4,Pending
FOO1845,Michael Wilson,South Ronaldport,Washington,North,C,Type3,2024-08-12,4,267.02,0.25,9662.06,-305.12,2.4,Completed
FOO1721,Christina Chavez,Benjaminview,Wisconsin,South,C,Type1,2025-12-02,11,601.32,0.22,6499.53,1554.0,3.3,Cancelled
FOO2174,Bob Fischer,,Florida,South,A,Type2,2024-07-31,18,415.08,0.26,5588.16,2914.32,4.3,Completed
FOO2197,Sarah Chapman,Smithstad,Connecticut,East,C,Type3,2025-09-24,15,973.85,0.01,4626.36,2919.5,1.8,Cancelled
FOO1719,Gail Kent,North Kristopherborough,Michigan,West,C,Type2,2025-10-19,13,358.97,0.29,1029.32,244.25,1.3,Cancelled
